QaMSHKosf43nKf5qWUBCHoRyevT23asL9p,0,,,Note: Used data from row 125 forward.
QbaHp9A7x7bxJriptT4CGGW8BRmDYBDcdp,0,,,Lower rows are wallets that were zeroed out
QbpuuXHurpr7B4hr9hPGysPreSeizoaVtu,0,,,or have QTUM moved out before all the block 
QbtgxMPZwbRWp7NsU5ECEVXavrF3DM3qgo,0,,,reward payments were received.
QbtxnHPUjcYKwkrfezz3Nrh1eWopR9ntZy,0,,,
QbXEEit88dLW9AtRH4SiCx9zrgTvBUNcVR,0,,,
QckuKchQNV6wWFXgBdur3MPVYpkurWKfF8,0,,,
QfPYFwDLPftxhCNZsmJsmqtXWuoT1RQnHT,0,,,
QcMqrxNdQQXtyxXnCM2fxtg5UJjGqqF9bz,0,,,
QcwXZ495ARqW3MWRGeYZtBfr5vD1wvwAcQ,0,,,
QcwZURDYM3QCoK356kTL2VfeNsTKjM3pri,0,,,
QczPfyDtC2hMFEtiycuJv7SSonUGVqn8dy,0,,,
QdEp1ieBShMoYRn6wQ5fTjAwNYsukTR2Ys,0,,,
QdewZSQoi3nq9Rmyqw2SingfBwdvd2dEXh,0,,,
QdNpdrB38bjcM3hATBGpvH7UVmkS9gzcC4,0,,,
Qdpd8Gd3icowcpw73g5BEhQAbJEjU71ZYC,0,,,
QeBtPpWrJKJvHhNKUp5He2GDuGvhobDKms,0,,,
QeFsFb1YefR2uZEN45TgPYe7mt4TZYmtx6,0,,,
QeK41P1cC4KuRyzrLQVhF5tm5xXsdYW7uS,0,,,
QenmNTzpkrVnMYNjyAeAZksLFYZ9UxA59g,0,,,
QeonEsPFTieAhAjGLosue7s6NbtytWirXB,0,,,
QeyfvgBbJHciqNQqcApmbtrrn7qcxypp5x,0,,,
QfBAPNKrABgBQakd57Nd6vpp5cPPEFQsCz,0,,,
QfEzEJDJiNYM9YpWa2g9oBNEJn7S2NHED8,0,,,
QfiW9XiqSaSi4ytnqNwwAdBiCFzfcGPB5a,0,,,
QfYzGjpuKL9RyiSUF5NBbJP6GsLXoJE7r5,0,,,
QgDX2TCLzgDoRYB5B5Cp9VWUkyhE5QmH9L,0,,,
QgKPdqbfhYhvcV9u2mmWmKn8y5Rw8UMa6a,0,,,
QgunjR222MdeyQLpn7j7c8s3yeLUENgaMU,0,,,
Qh5kaAX6Puf768EN8cWLXuLTRkKoPmvgPx,0,,,
QifcXQhCtuzFAfr7B2sPT55D7obCYSV8kb,0,,,
QiWJjGHiKvQGiy9HZ3eTyTCN1aX7YBPhRT,0,,,
QjAPk95Ksez1ugx31pES2HumdqRjywp6hZ,0,,,
QLgA133DEeSQ4PESp1iipkxjrzACHcF2gW,0,,,
QM8Q34XW7FfaaxveT3wsZ3VKgk1D8xECbL,0,,,
QM9FQL27R2TxKnV2Xn9EzTgQdjay4Ew3gy,0,,,
QMcsePusNSxpEE144MMKnyC8CNQmCZm8ic,0,,,
QMiUwLxR4JYy1eJ6i5MNhsQPJCYMtKe2BU,0,,,
QMPsXaiA8XxcDFZP9kXhcBPP1ehR1ckGAV,0,,,
QMWwu7htjTm5vnoU1umJHBxM8tJstmKoGi,0,,,
QMyahA5UtHhqNAB2dV2p32fR4aGq7pdHHR,0,,,
QN259wkj5cBMR8DneWUjCwi4dwthvUjBXZ,0,,,
QNcbNyc4ZziLyiyDmwmWdNSch82KqfscKq,0,,,
QNchKpVAaNX6f3PZdF8g8Qip8REVnthYWq,0,,,
QNDwrJV4mZqdG5gcScFDVNmocE1YUSh1Xf,0,,,
QNFQkNNPE76WYbT8KkuzjrGHowxdF65bTA,0,,,
QNmovXWxfb819XJCJ8srfApYdm3MefyvTH,0,,,
QNPaavGy8MzBsus5FXqCbY1CCfWdHERaM5,0,,,
QNXkbpiqhQKMCfjMU2n6YSqTwz1BTmGyn3,0,,,
QPGczRNeaohWfG34yxiY39yGMrnpAHLamX,0,,,
QPvmXLDb82sjUzCwG9QQB3TKkLcYXwrGEB,0,,,
QPZ81U5VdZ3kyo4xw2GC9dC9Miw4BDjEVQ,0,,,
QQapZ8EoNGwmyNdHdheBe1WRU78yxBJ15h,0,,,
QQByP7KyeQQ87gUkXiv7DLkDxEvUATMc36,0,,,
QQgDsXpM63WpPWqDVTuBaqzxDZhUaEKnsf,0,,,
QQgqnixdGeNFAa2dUsN7mQRaSead1gLTjB,0,,,
QRckVcprZLGVQPGn7yZURdNFMsCExUq4u9,0,,,
QRHWNj4nKtpjchp3RTCCCr185A4jPnsjiW,0,,,
QRiBke8ZqdnDN4W2wNKaDfufXv9bghfi5y,0,,,
QRKUbRcE2htciPx1hSeivvD5ADL2h5w2pP,0,,,
QSt2HZxGKZPz73aYWGyGiyyHnqnNzAs5u2,0,,,
QSTqc5jCttAbCMwRFhVP6D2bNjVgBVuvxx,0,,,
QSWyB79bjUbJ3PXvKLgvxdredzhV6JkWLL,0,,,
QTng1jQeKMU3UrQFo8nZYCRvdNbVdoFVDd,0,,,
QTPkRUtcuwkvKjYoeSEtQFs3QzU1NFSWCw,0,,,
QU4LqPQtjBtYXCnfk3BhMXntw9H6WfHwxh,0,,,
QUCwwMwmCC3qLfwunoNGA6ZXND94nEZCCQ,0,,,
QUDQops7jd2gSbFqyTf8SCauXgencUe8aT,0,,,
QUNfzcZH6CP2yXo2iZcDVhMcJZ8uwjdTTG,0,,,
QUqs8ZJoaHugRXCrUzyJNGJHE6Cp57qZ39,0,,,
QUTdazGmUeHGFYKGJsBnS7WQVFd4uYPPTM,0,,,
QUyEXqU9A5JfuCpkszRtjRneuEZt61F4oR,0,,,
QV85foKWo1izu468eU7rbbGunCPAjLfLL4,0,,,
QVa8HC7W8EjCkWkoRmbUCuiDWqx5tw8UMM,0,,,
QVhG8arAMLg6chVDQ4mB5RqNLqYAwBKLsa,0,,,
QVMwkD34HjNxPBBxFecmBhAjzoXTnHzE7q,0,,,
QVQ6ZFYhH9eo3SbyXeJFndPqUrCw2ffbeP,0,,,
QVx3rP26mAwaDtMuhuUo1QkMqAeft3wWY3,0,,,
QVzqjo8NFoX5cQjZvY6KrabDA8jCkdtZxv,0,,,
QW14EDXeongcJLibMat6VHFb83CjtfegD4,0,,,
QWAXeSNRjafqpSA5RQa4xXmsrm5PBcy2Ze,0,,,
QWP7K4im2AKT2ChdU19GPXPcTpZS1cCoUj,0,,,
QWSBfdJSqx48Lipqe9uy5xaVvDhJcTxhAd,0,,,
QWsxT2bgpHZcaLiPA9qpxzPFSs9r7zm9L3,0,,,
QX1rwr1Zf31uCiEGw7wTdkHFkd2xop4YcM,0,,,
QXrigx6yQjFxPm9xEYzkAhygK1DSf1MnuP,0,,,
QXZqQbakfTZAd3evy1GNy5EYH4wASBEBWH,0,,,
QYm97ZkcRpbGJGhRTYAohFX56L9qNSaE6J,0,,,
QYpQ2vftjqCfrKzCGQ1VfwrDfAHdsgNdDm,0,,,
QZJbdbEhxijk4C3pAuj6uFvken7oeef5GA,0,,,
QZJn7y3MH8dKHFb1XxTRR39nfYtwH1iLu3,0,,,
QZRZuNatidaHxQQSPay1NduaNWApqqjLk7,0,,,
QiNWKvVxR6VsP6727KSRVVBvJFGvdTL3DD,0.0654732,,,
QfCzcT1oSiNuotTXnRPvsgjynTjcJ47Wsj,0.1369464,,,
QRC679KNUubUhEKHM6c4m61xMZFL6nRb8B,0.40270838,,,
QRyJGqtR7yB7AEQEma4qGS3kDUnWcXQPMt,0.40523469,,,
QeCfEoU8ur6pdo9FXMvFCXoSff1egoaB2c,0.80780959,,,
QPxqLht6ZiEw64YwjR3VHJg2zWBwKN7513,1.20199266,,,
QVY84CxLHvLb5K3m4KRarxnioMxK4Uj5jL,3.60022721,,,
QRAb8RZk6Q5fCTzpcZALGZUePzdVZykdSt,3.60263356,,,
QRPpzA25yso8Ra8nYgHi4swzwBHT5jY239,3.603045,,,
Qay4ozazyzPhLbyeG2ZjUp9C6gY2Z1MeLQ,3.60325783,,,
QRvsMkG25zcsatvbPKPWU9gsdbm8FcuDrr,3.60384563,,,
QMQcCxPiq6UafrgqNYBYM94cx6491466yw,3.60392749,,,
QfFV4uF5UXEvyrjqpjirEGRPQUJdq9cDAc,3.60467266,,,
Qj3Jc1iK7KASjM8YdHZa7LRQZbRvsWEChk,3.60482749,,,
QUT5re4gD9CYUYtL8593CHXHKFWYqKaAiZ,3.60537545,,,
QauiadanhkMYEe4WnaHcHJfRH6pqckRgHv,3.60598955,,,
QfPoRW1dXYxNbBeyjWUmHUT8ogx3EZh54W,3.60610082,,,
QN3gCz7oVKP1hFx8q3xn7DFaNNEAdVT9aS,3.60647623,,,
QiWHudTd7p2QrDMjkexTkbqkXc3uoBHKnD,3.60786676,,,
QZsxjmoApNz3VyCbMYPVPUwAE5myU5Y2TX,3.60908436,,,
QR8WkzW7CWjoQoovn2CLbkt2W8uUoQsegR,3.6108768,,,
QewBAPzLsbaypRMsKqBXWUNrt6TzPBohLe,3.61644888,,,
QX8KqckcLU9m8NxSK24xYm3eF8F6BW9ajg,3.61651988,,,
QNf9N5a1L6458G5uAZHCrtaRRXr5Pid8y6,3.61893468,,,
QMmxxwxJwdyDNv58X6sEhkdXjFDXzYXaAW,3.62282227,,,
QanZtFdF8a7rjn9qeXBMWrPLefe8Md1iuz,3.62572523,,,
Qi5T4hMYz3ut4V6zUTaiPX7AQkEb1j3Ajf,3.65151399,,,
QN5BGW5hkqgXPmUCvyDhHcaZKgFXK4vrDb,6.82409789,,,
QZ3NuxQhRYTgk4n1KjgejaJwxRNSNUasPt,7.2103964,,,
QV5hbYjyrQQ9qHkJdpzLieiwQLbZdJyDQX,7.21104254,,,
QWKCnPCFebYC9L9aQLvgVLLoxa533fQPjV,7.23798015,,,
QVW8XRJUas1NSJLWjBwYdrk6FsizTwF8QB,7.29349826,,,
QLr4tC8Xa9E1DjSa8Hz3StFtxcdr988Ffg,14.76475375,,,
QcF3rHY4poocJfuqwA8BCK1CiJ6d9zq8WE,30.5351681,,,
Qiv3VWZhRmKFbN2hamxn5hXUfEZgXxgD1m,47.08450308,,,
Qh1xnsnEkPdXvrXG8TwPMQJqDwjE1NqToK,47.81255371,,,
QTEgnFSDMoxP3htuV1wQ1kLzcjREhmCiJA,53.71643645,,,
QQSBEkJSNmcGeMTXbjAf9ciL2GziUQufFG,59.05139075,,,
QavjMdj4qW4UpzM6jqL7LgqMxR9Wc4x5a8,62.94277051,,,
QeYsDhmcQrHKLtLwXuNFN7KJMdxtpzy13K,63.04407785,,,
QSRAsmw2SZRS7z8zhDg9PWZV9KuNpnpWZC,99.88407371,,,
QRzgz5wjvXwsdcF4Pxr2T88wXZGY8cL8uB,100.4033022,,,
QQ1153sYVp2B1eUrFRfWBs4Jsg1Pn6m4ND,103.0357853,,,
QgfdfrLFfdZrouJQTLb1xhLMagh8cfrTcC,104.0006387,,,
QhfnHm8rCstSzXcMdk3SG96mjyjdScx8Fu,104.0198245,,,
Qc9LLN5iyFMxdf3sAgULn18gf3YsjxHwig,104.1101286,,,
Qj8z1Do9pDDiDDkJ9u8ckXHPG9fBgXmfGC,110.2435721,,,
QSBrgEJfT6VGQRpdxTonkRyBYHi4biRWPd,113.4931244,,,
QPPBAqGcfJUXqeM4Hdr23rkrACBkXo6RHg,129.025483,,,
Qix15CTHbc6p6REgRzkbyiqV7tpeX7hPKR,130.4,,,
QU1G9yF5e6pFjZSFoRRvnrN1RWCtUughwL,134.3710079,,,
QcdEBYxQoByGRPxMBNbL6BSVDnjcnMeELz,143.4347253,,,
QZLPKSq5waTs9hJBMcmg9rPbirDVQfgExg,146.0880987,,,
Qc8rDMJU1Q9NPPBrGSHJDyCXJwfKB3NMxg,148.0137422,,,
QRM63vLpBPFVwMeYw1ukLjr4h8DL7kuKFX,148.8543877,,,
QgCsqbgzV8yCe2gYPieBVm7JFxz5MWyyJL,154.0033231,,,
Qdz42U455WB563G9cDwV9uoXCHoAHzEwD6,154.0154232,,,
QX5hfD2QyRVrn5BHyEjNKQiVjBARDdUJ4s,163.4207831,,,
QSHKZbRaZ7VBwr5EzRGox9CLebvRs6wKJo,168.4522695,,,
QU9Qfwy8KpknZVfunKt5jGRC5u3vbDwThA,175.400557,,,
QakmDtgiq8b33WVCzVvVfSTb4GLgik3Ljs,177.4090624,,,
Qebgg3MCgHXY2F149qcRCnidhskeeFYGW7,192.9158331,,,
QhssG9YLXUNzbeBa4jaNDu9oHADp5iCZqP,200.4004907,,,
QVxm51jJQCYjB5Da9sTugD5KZQouYFvt9c,202.2179583,,,
QdcqJMjNE8B3k6G7iTQbv5fvmSZpuz7uZC,203.6214705,,,
Qby6V1ftoPcaZp8ZE8A5u2BT8imriJc57V,203.6870921,,,
QeqEQz4KCbNbnBYKFdnNpAqHT9x9fxAGBN,204.0044927,,,
QPZqYsBQUsBwPzX8ycyuxPYjB4osxTbFUA,204.00579,,,
QSPf87CJi827ZZTowhLVvFG4k67pEaqJF6,204.010453,,,
QW2vKMki3wHbHjExWtdtgk51ZEuaMchVVu,204.0115955,,,
QabW22iQGbne1PWtXWM5NqaophoEHXrbub,204.0125204,,,
QVtm81tgfYc8UEqxGQtxZvRox3RRzRW48f,204.0707898,,,
QTyoRifb8wxzm82ZMD2MTVeWnBxyQqBq7F,204.4071097,,,
Qb9AbtbRKECkBmzS4zzRSTesGpZaEmpwAx,204.4111996,,,
QbG2pht4Mc1oYfYkioDecbRLmi4FXTr3ca,204.6614994,,,
QYvkKTVXQM8613RVNMiC3XDRVMaKBuPwfx,204.9949629,,,
QMrwaDqqaASVdhjMHJ5nkqJpXCx1YirCnw,205.8026552,,,
QhNv5byGhroJCpMtUixg6a32yNURrUAmUP,207.950666,,,
QMWjtpyvAMauuvHppYAQBQACgkHRuAUDQK,208.0202398,,,
QSnaJJP9nS1pPD3ARXogxFUXQW7BzKxAXw,208.5159891,,,
QSAbjtAr59aB1NPSdcqwWUv8kRNVJc4xoe,214.006172,,,
QYnmCARZq6gddzfBT4So8i3YGtfCK39fDb,214.168646,,,
QavNMYBfu6gnSkUYm2HoFAMmpvpWXyFtuJ,218.0572555,,,
QQaKJGLrXYSXdVeJ6tVJwJxVrhZ7Pbb9YC,220.8138307,,,
QSfaddmDAYSbdi3deM8eUdwM5rSgYHxDeE,238.6842384,,,
QX1G2RMQnPaa3akV1v6ghtXe3txUYvBM7x,249.6007259,,,
QXtG1UMjEPxtF53RaP1123gEBCmi71R5fY,250.4,,,
QSZdNzTgonftN57U9hru93uqmyYvN21gFg,250.4003768,,,
QLmn2oMbXMnCb2zLW4kB4KP2M3jq8c6R3g,250.4121934,,,
QdBefEFXvN3zxwS7pXKi4Ypu1tWHphHAvK,250.4156019,,,
QTEjb2i9h7ntKKThQx6Ruaqv4YAKgm52ra,250.8014992,,,
QQZCR88jQLB4HzWrXW7cQec8vsekQFpF6D,253.9913346,,,
QhEHdLWUuJe7yQCSNxPvULCV9Fbdj6TzJf,253.9924329,,,
QScSXgDvzBkEXhH1frbChZ3J7uSaaJpTEU,253.9958727,,,
QLnZY419X8SWoWK7E8671fzkH5UpxpouTY,253.9965902,,,
QUmMihyag2pnQyACp4h6zv9scCeS2eyEVA,254.0013794,,,
QNYoWGYwqZrujECvbugp4HXGU3dgKqAPy5,254.0015512,,,
QVaSK3rzapEp1bLWk768uJKksZTaDwpiro,254.0031146,,,
QScxdG3mFCB8uypdvauHjaD8MwADrde77Q,254.0033619,,,
QQ8SFhtsfw6mxfgxN4Axr3bcr5Bf82bEwi,254.0034779,,,
Qc1UpkiKGkoiBmnfeLmbqEHGhtEShzTp5q,254.0035651,,,
QXZYhQNqPnDciWku35iLxU8ykAuVgx5HcZ,254.0037867,,,
QM1Wi8ANCEmg5CndovHX9SPhyFLpUTLxEg,254.0040506,,,
QQ2B5aswrgLF4T4PzwT7KdQGjT9TDYwZyB,254.005003,,,
QSVBG45i4uAKEhwBHekqKGuyDsgLHAcCRx,254.0062978,,,
QTLmBjNRehUvGSNaKXPdoJuSQM62PsUTP5,254.0085601,,,
Qd1EcU6EYex9EM1zGGgqUbbHWSJWJUW4EJ,254.0093613,,,
QXDD5KnspwDHYNPi9nJ1Kj8qXN4KQQ5WBN,254.0105944,,,
QcpHJpbvBiQnsyDxwCzuhZwzm4qT6TxvsY,254.0112846,,,
QUPRfV12BraTbcruPbs4RYny5BUxJ8t5AW,254.0122816,,,
Qep4sNLFJGsfZpzytqZF8q2FPjyxpTZVR3,254.01268,,,
QPALZPbPmHQsgM2tweU5z4u61P6w2RxbGY,254.0138754,,,
QY94q7WLHwA8oLkECnmojzbH8k5JLcVMX3,254.0154649,,,
QQ84YKA76xga64ARiVKqaRCupAqqem4Rbo,254.019627,,,
QYHXiuJVwDH65ZLhaqczHy5Ad2SjY5gkey,254.0201479,,,
QRkEh4XPVzRbdArLK4KW7ht9dET5DDkDsP,254.0228993,,,
QatgCdpaFrMdMzrnJ4XCVNPBMFKxU9pDPQ,254.0309071,,,
QiTWcPV3nMJqKrQfrevzPPsb7242TZsqvB,254.0338944,,,
QRRa72TyopdemFz1r6pvPwDU4oCvL9WfN8,254.0359739,,,
Qg4VjNySihU6FmGwRhZWcMdAqwihvvBi3K,254.0406165,,,
QVvhKXD9hxVnH5oEdjVEcjNp1UuyiEqkeN,254.041566,,,
QZMJb5MewxfRCFB1UwsvJ4yPXdkfHCupJ6,254.0427652,,,
QSEAy5W2WWVPnUcpp9QTaixcaHSbF7ccAm,254.0449103,,,
QR4SKnRyakyyu7chJ3LYxmQ7GJgGXm9Q8a,254.0497239,,,
QTsThzJWqFwSVbL2UgtN8d7qPLxunobyLV,254.0917797,,,
Qg8GexHnp7b81S31aJBXsMtb38LpFVJrg7,254.1669498,,,
Qc7fMc5n6gs3yoLqr2ZLHyUhdkuyy3fDYe,254.2537746,,,
QPm6c6iQiH8DmKMpJr6yJbS7a1EmZ3avSo,254.4370069,,,
QTZBnj9cgvuALVjjkpws4RvaxvHDdFcery,257.9924665,,,
QMSLNB4tcPEXhu8WBZSn1Uf4aSNKNoy74Z,258.0042648,,,
QcQT7h8g2DXDNVzvkkRAVgDAUkRtvgF6uD,258.0130406,,,
QYV5jHMHprooaw7ndsGnG4AQiUCeBTNaKg,258.0588463,,,
QSMPaK9REjufrqgJNaQoS6ymM3AFgSxtCF,258.0618529,,,
QdQspC2qMgiBKEbTd4SVy4fWDi48Pzigpw,260.5691238,,,
QdLQMENcQtUoPFXBN14gN11FtzNCRhCqkJ,260.7309493,,,
QPBUxt4mJYrqjAdzfSiw23smpBYfWESZyC,264.5780526,,,
QMyEJq1oFhrckrJXDjuXc1P7U94VAajYUq,266.8302042,,,
QVyk9pv9kLQw28VdwZY4tcDhb51NYiC9E2,272.1786888,,,
Qc5qHWPAwkMdoxAxycA4152f3z9gfLiFje,279.9729921,,,
QezaeJ67myGgUJd5Ja5qefy7UKP6BLNU8K,281.6107946,,,
QV18GKbYErw4BkdDg9uPAdkzTEXZ761sEb,282.4748919,,,
QTvcBXgDJd2JjbTyczY9qtAZPisMtNDVj8,282.8390521,,,
QawLnaVkL4a4dqciK4NhJidAv4LgFmzqHt,289.0188667,,,
QfxsQKAW17rfNBSksgo6ZTaTL64m1kkYjW,300.400226,,,
QMDbFRHmnPzXKWaVPPt3UX6G6wDRbovgNv,301.3801884,,,
QXp3bheL7FfesXDh8CbdRFnau5A3UFHx6t,304.0043757,,,
QYC2a9Ftgwd5U3DRLmqFQ8nQZiY3MPqZUp,304.01233,,,
QTEUEVRoYGU6Ty9Ve2uUgQCEYmhtq767d3,304.0146042,,,
QbHqsFNhLRVaJm2XeAYi8CRfiEnGPmj7ZM,304.0242185,,,
QWSa9YqDNSwUmVb4Vp7diexxGEzmdsMTc4,305.8850284,,,
QhLzis9QGWCkVx1DjgYRkDGS8kNqQhYafm,307.8683439,,,
QiFUaaiVZRNQQhrJ4TMTbLBTV8kRaFsqrd,308.0285078,,,
Qd84weHTf7ww2uZLZc9vmoMaBsnyXpuC8r,308.072875,,,
QNyxNzmnyvTuE2Vxdtu5ihVJSox43zRm3n,308.179767,,,
QgbiZNdQhdjh2pY8uhe2za7H4h3wfN9Lzb,309.1392171,,,
QTMJnmVBSdCXrtzpQDRimcf7B6TvvsYSoU,309.4863195,,,
QLh7qowuepa9NV4ErGikknC59au3b4NMQb,312.4460538,,,
QNGbbtyWo9posADbzfMooinM6AAH2DBQfA,312.6718328,,,
QZ8Cy3sh9xEXYYp3FFb3n1Fv39vLLCfNbH,329.0953069,,,
QN6psREkrTE45oAcfM7FPaBnRQ7he5TuGF,330.5857836,,,
Qj4kKbED2awPKDs9ZpgvUGRTNComWNkjWp,347.4021532,,,
QesmMxqbJMpeGfJX3ZAFTnmW7uffPAtGjg,354.0058801,,,
Qhkg1tz5dkWnkZiFES4nqTHx6MNMAjAux5,354.0118026,,,
QbbJXanXhky8wivMg9bc2xWKsXBQAXTKx4,354.0203136,,,
Qiz7EpVfsfWbXDemr68ug7W6uUZk443seo,354.0820006,,,
QPfrife3XPfLj1fUMfeuxqAU5Azdq7fS6L,358.0144946,,,
Qe8MUidkdWySsn5WnbQuw8kiDqjT3mu3ew,358.4063357,,,
QQwcFck9b4GjwZmpuQ3XxsG78Ni9FqYEQf,360.3964,,,
QRdragFGEVDufsaaVdmgKfSh5KjkggJsHK,362.9893044,,,
QZ9watvqg4HRPMmWcVuKBtHdWfkmKhde2S,364.0041607,,,
QQwZWSfhwTjqL2JTwdPCQEWUkuXfWnR1qd,364.0137539,,,
QTNp3w5cWbzgo6gd2i4C6h6g3eTrd5vPmg,364.0164706,,,
QeRqvU67qReibyQKeoFhuLwU98rtw96sZD,364.0320684,,,
Qg3LsxpKnGWzpVcTXpkVQBRxp3dguhPE1B,365.4,,,
QU8uzKTAwpUbeADnTfz29BcrF9j1ssRcdP,365.4012697,,,
QX7YGFNZYrPfujo3FZAHpqhtBsQpxNUfD2,365.4034523,,,
QiXx1MAJ8xNcYqiFsvVUwPnpkjPvpjkUp9,365.4039836,,,
Qhkwy6nT4He9esoPk5fBpxYUuPMsiWBhi7,368.0292036,,,
QZikpQg7PUeDmpa83E8ZaZqomKEmaSrSst,368.0560028,,,
QTwQaZ1NCs9HCm1TfyiqeY85kKJpz7QoD3,369.0006067,,,
QinxsEoT3SEi8nty7pXSSCuVHDz495o4uB,369.0023827,,,
QUvCz61sGc1d2E9aebrbMmiS5b1unYr1Bi,369.0027666,,,
QgzFbv9MG2p4qgKSUwbyfe6RPQC1UBFVHF,369.0035493,,,
QaqB2EDUAkCo75ZJdLsMsUhJeRXhzj7ZE8,369.0044546,,,
QTq4Yn3mQgJv9fAMP6EM2tZ9Q5Yn7V8hAf,369.0045254,,,
QhWrMtPz7iabqrKNcNbM4DZwisbLTjXDSW,369.0050584,,,
QgyEBHEVyjeHwwxyHi4h5kQzXYyBqcgMST,369.0062955,,,
QYyDvjsZbcdrVVyYiPKRHyjY42Adxciww1,369.0103399,,,
QNvANKJff7XY11BsP3uRcVeMUtX6Xw3zAz,369.0141744,,,
QVmUumgJUrBaDxQzaSFLFazbwvTc4vFwYg,369.0183272,,,
QeW8Lc5pUbmWGFxfH7x9S5mqTa6LdXdxa7,369.0221444,,,
QcTbM3z9VN2NNYfPif2D3yK1rTXapiuTuk,369.0227177,,,
QZWGZF2EZoeYwNXeW33tu9ZA8gpXDNn8VB,369.0244239,,,
QSPM99WAwQNaYXQruFjh6QxQTbhn3sE1ue,369.0274154,,,
QQvwzTNBugeV5kFHP3GzrHrRjENHZ8r2nP,369.0297403,,,
QaWcevnVqLk4osfce7GnAbyWkdjxwWZyN8,369.0322708,,,
QhUrPKvJtfyqpscX5zBmfmtjBPvytYQKKp,369.0331548,,,
QNh45kYe4ErH5QXuaCneF6wtiVsfotZ7HE,369.0345243,,,
QRJara8UwDsZCN7rwL3QupEgZ9NEJyH16V,369.0358847,,,
QabXNvqT87Sun3k1TrcWoPfrEWabdmd4wY,369.03956,,,
QY5r9ho6vn4ej4kDsd4uT23kPq2beRdNoR,369.0539271,,,
QQ5bHCPRuNsp5CPVLdbvo73XasN8LBZUe8,369.0639441,,,
QfRQro7HdzTy4fuvYvPcj3x9Q3oCgm8GkY,369.0803553,,,
QWaxeJ3EtNmKLeqk9rNJ6m9NLVYixSSCRP,369.0808628,,,
QU7n1wiczfjFffFQcZW1XnavQnE5BqhiDR,369.1059562,,,
QbUu1PMLd8n2chy6C9V7P1BgmJ5Dhs8ctj,369.4094263,,,
Qh6GuUm9KkdrNcRSPN3oyVdVQyiPyy3ajr,369.4118112,,,
Qbngks6UQG7k9gMufnf7WtiGsLB6QCbQtw,369.472452,,,
QdK5wJwHMDK7esM1xAZ1wtdQKNZZCxj4oZ,373.019252,,,
QdC5mZqZk4qnopAzxx7E2EGsAe932LJzew,373.0401876,,,
QVYdSEBPSTHZugt57Kg3UhQE1kCfKwJfjH,373.1525866,,,
QaTpYcSvxyCrrpqV6HSqq7RD4uYMpDYbuH,373.3141128,,,
QPbohBtgXS6bzMb4yWdqRve7ZaYxVqMDSW,373.4494485,,,
QLnEwosyC2ZYmKxqqxFVEmvqnC882U4kP6,383.299477,,,
QVWavNEc2rL97JNxKR7fbCz6JSBBBZ6EoM,386.3104787,,,
QSbDBX3rDUVpQLfS1YtWKN4hwu3N57FCCx,389.1520192,,,
QfBbinq4d682FjHJL4uxPUXexbzgAeDfFA,394.5728805,,,
Qck58ZYfGPGAYogokDuRD17p1FyNxVSzzS,397.0297119,,,
Qeosx4qw31rJZtnXjiiLM1XiJ1XtpMBSDK,399.2026318,,,
Qenr3xZfgnQfBU7aBvgkvhdfq9pdzUgbY4,400,,,
QXQqLhZb1hJ3M1cP3EW7XqbFQFvhJuSduV,400.390113,,,
QhQs65vaTnXovGKBrLpstWvZ2AaatLiNYB,400.394915,,,
QTBLxg2qGQyQdKiqspXh8pSkapXeSCdjLd,400.4,,,
QYCP8WqRBa512tdwuuZoxeKJyXJ3KkLmtY,400.400113,,,
QTVD8beLjEZKNc3dW3C3g7F6LoAfSZUEJR,400.8055139,,,
QacMNyNXzGzrBQX31Wbpmzxv3ywdtTSSuL,403.1610329,,,
QeZkdXP2Q4apwqU2b8CNaenXz9GPUXbNsj,404.0004139,,,
QXHPfGmc8gHT4eZD2WvCmsFiuLvjdUosGS,404.0021184,,,
QTFNuHFkfar2JcM3vzM2BL1N9eCZsBtPcU,404.0072715,,,
QN4tQM3p4qYebH5o5P4rhjRexSD727QTb4,404.0092553,,,
QVLME5oNsPbzqawzXfkGMKwTwSSE6FFNZr,404.0150501,,,
QSJgauJTeUPox49AvqjQVeLc9eRnxSHAce,404.0234958,,,
QaawuNKStdMbWrkuoFnfP3y6jDfo87rgT8,404.0441498,,,
QjnpKT7ZBhaRya47AZh65Pbfvb6akLbZ1B,404.2151018,,,
QQu5tAqqmKqTuRYjo6fMsm2REZWrAUWMkb,404.4073025,,,
Qj1TcpgfQJxo95sWNXuw51eG7rDSoKT3Ae,404.7746347,,,
QPkRx6zkTchpvGmvf2hDSQby9RjaiBrVvp,405.3672113,,,
QXoSMFy6Q6wVNvHfWizNmZpPjDkEob3FN1,407.0761211,,,
QXDZnKz6M4b2vrfHL778WNZk6JujVpohkN,410.2543471,,,
QfM2ffVYHw8skqENWb7VTGRj8CYhozuha4,410.4812924,,,
Qd5vjo3AYnEyg1qLT9WYifTDd3eG7LosQQ,411.5444579,,,
QNb8njjmzxm3ogZMsrPHJ2yLaozv9QLJRY,413.1028761,,,
QYfCkC3R9mNnmJMiF3RBehUtYPkgbMQgJ1,416.5444044,,,
QTRouVXHGcfFGW6jrWh4tBvNTTFNaMDunv,419.022571,,,
Qew4e5LmCuyqs9KsTqpFS8y5S8nZBWqk6E,428.6394967,,,
QfeTDHzTxb5JMAYJGMq12zsLyEHEZnGbNH,432.7458729,,,
QRiCmqx9K6Lg3YUrwkrLJFidDyTmvpdGFY,443.3209093,,,
QaGtbWWeryhXmHV6tqD73uJFa3A9wbQ4GN,451.6937387,,,
QjKE3dULb6cBJBWcXsYUy7Apy1ppSFbzTS,452.7999238,,,
QQF6VmoG4vLCAA3h8U9jrU7zTs83oDm2yr,454.000984,,,
QcB9oFihCHanhfiYXK2dak6ExAky1zNEkE,454.0048696,,,
QTAr32kpTKaDizRT6ctWmkG5Bu27iPQ71M,454.0116133,,,
QTxNnDLESnoChhR2fiBwH14gdkqh1a54eq,454.0122396,,,
QXACR4gD9ZUdh929cD5JdNP4jxQsqyJbjZ,454.0197221,,,
Qbp6AwheiY3mbsXtYNSqjM5TegY4VA7e6r,454.2831713,,,
QY2pBTXH7FLV2ycwU7uWACL5VuvCPtu7MY,458.0530847,,,
QQw3oYLwuoGR3mYkkQhXK8FKGdu14FRcg2,459.6662971,,,
Qfy8MYwmpZER5icFWiC1UD7VV2HfNYfAUG,460.571388,,,
QdNVY9vFpKvaARFsBAq5btheJwmFLSZNKK,463.0100641,,,
QRAPXEt1a13opp2yvHdgUH7xwr8XZnzFn3,464.2356262,,,
Qj7R2WUb4diTkFZm16oNxNL4BuTrozDjwF,469.6078951,,,
QgBarFSqQm6Q3ZfUjHskz9nApqjEMD9wBH,481.9816006,,,
QTatgiAARiaF47JB6GHcj5PHZQw57KxGyR,490.2800812,,,
QN2f8REhVPTfC6YuzQjvG53Ahyr5mbvQWN,494.0198891,,,
QjG6gFn99PqSHAsbEgMezUfiCKEuqCQ7j5,497.2837672,,,
QMFVsTgnprsbno1UeaHQebiQhh5TVGRzzB,498.2236501,,,
QcpBQ6e6MdbXkZ76Tip7zVerCXj3fHwCKz,499.9988612,,,
QMhXUup9TtTGgg49SaQ2VvKdLK9UrQuuzq,500,,,
QWXirEH5Y1LWvGG2yzHVdF3MT9Y9rmrYc5,500.1317393,,,
QRMCXQUMGD61FW4ssoTGfmTYYD6artvAcx,500.2,,,
QiSe7UYCRU56VN8KuyxQDXt32Jc66688Yy,500.390932,,,
QhpKJWvwq32MVG9iwimfWCwseHaRQbEm5z,500.4,,,
QURaucijZBQt5ccgfyzAVBDKjDevzdhuni,500.4001143,,,
QQpNi9Euvw6SLVTBsQPrnMZvrrukHyU1BD,500.400226,,,
Qiby8HSovHsNvecFqxk7HXAToU2qChxDRR,500.4003143,,,
QRqYtKd5wYNZeLV7zN8wi2qoCphvFuogUq,500.400513,,,
QUWyrzrvhxwWMyUkDg16mX6R9GAPu5kkB2,500.4018149,,,
QTmbL14Ga6pwNZRDRmEWFsBjwfecJGde5q,500.8022108,,,
QW3rWABYScpCs9YpDiiuwZKBFEtAuS7EmK,503.3936182,,,
QZ4dx2JQntVvyR4bL37YNMDj69hjFidnUY,503.9069694,,,
QMD6cg1Td8q3QGTfBJy9YwC3tsn6aCCZYT,503.9809374,,,
QdV73FWaqGHfzieDicQp8ajFW8haoeS7to,503.9994175,,,
Qi27xSjqiUCRS55np76Xo4dCsXDGH9zPsL,503.9994991,,,
QMjnN52CsGVvoNkEVS2rvMUCaBPJ2ifi3z,504.0008445,,,
QNTcwLd1VPXpCP431keM1xA7o8m5Dgv9Wn,504.0009065,,,
QgeSVHTBUenRCDW5CRU9dhQjByYYsJbv82,504.0014639,,,
QWJXuVS7Xs791hWSEqgKMJwupEUNYH4TGx,504.0018811,,,
QWmaJaDVeXNzenExaiZwKafUBCDFzVZm6L,504.0033852,,,
QjBMD8dt1kjgVhBDVcU4YAkZ8b34KM995m,504.0039531,,,
QXSoJxH415bFMxgBsWPmWhYsHCpXdioFAD,504.0056808,,,
QNTVDZAPiJBePdXd9BeFEJBRuN6vCK6b34,504.0059381,,,
QW42booWhdzXEsLXM1dsLuDzw2Qt25mH76,504.0060083,,,
QMnmgH2GasMBM49spPkM2hUXcFgXzpVsjM,504.0064348,,,
QWY6fC3gNXn2xXmQA74Sw9TQ39dFLzbCMw,504.0066453,,,
QgDZydGnJjJc9ftxYUC4C74EgutwUcsfHT,504.0075353,,,
QhYU4v63SAcS7FDmZy3QRzTVNVvxuJE9io,504.0094262,,,
QSgKpKVrnVN7FQkX8soJcz8z57cgoAbxe7,504.0095666,,,
QbAiwhRH8XUQSDEAmXeQANLSdT1eKffFTK,504.0096908,,,
QcRoW13EAibbNiaj9VBec6NcpyG2qMkRD9,504.0101466,,,
QjL4GBeqkg2SdctF2dbJRvfBMwA3cqytcK,504.0103502,,,
QQ17dtXuLzBHRwuW7n6npREHL1auGSMjWp,504.0110679,,,
QcWZpqgQjXEZHBiZyvV9aoQXPrtYApPtCX,504.0124083,,,
QPJFz5p9yeUpDJVLD7q6Hi9gwajcwDpsck,504.0138609,,,
QRQoC62MQEZGUfZGd6WcDLaawKVTjW3w5a,504.0143657,,,
QUiS5v5Dfv3a54qpgG3AgyeZQmkaehy9KT,504.0157495,,,
QdCjoJNZKDfDaDegJXMtytUhUoyy8JHfPZ,504.0166787,,,
Qhw4qpawh7ANVVGiVWZ7Whb1EhWCwK5Mo3,504.018102,,,
QQcTJRd14YwCPiaD9WQDpzKQrvS28BxkVJ,504.0182405,,,
QX9vEALS8mnoZQYm2vZwUaDgMkUdNZVf1S,504.0202625,,,
QXT5beuUeve59BAf6KFntrsonTLENXpgCm,504.0266558,,,
QMTPaeMMu3vNj2kucRTpahb9Ne9iJrcAyr,504.02845,,,
QYyWNPem3NS8ScaSnCQkSLnU3xF5r3eTTa,504.0363191,,,
QaWh3vV98JLb8oposzjbHpHDmthK74A5SZ,504.0398822,,,
QiM6qwJWX16fdUXmo2yHD9BsVn8pjvwAHr,504.0424541,,,
QYKqez1cGQXh7aa9vqNZ8kGtfZ9gwbYLyA,504.0685945,,,
QeKHG6Aro9mwxh2jHD3HREuPaWZFADfJ1H,504.1501876,,,
Qbq487dXRqZZQbE6r21U4CccbDb2BiSbXj,504.2308424,,,
QhqaeDtBrcNQ6EddkBQKA2hRvwdZ4ZKdW9,504.2706898,,,
QYoVs1tUdqaKvdQJeSNhm7mMvkV7rwSCNu,504.4088654,,,
QTRn8vp3ryVihsJsKQ6Aj9Yseqmncrpohv,504.4108096,,,
QQ1vD9z9xkgpaP4xe5FWmAfmzxbQjhjBbv,504.4168538,,,
QRgsLWzr8TFnFnJ2VD4qF7py7wo53hj5S7,505.0072921,,,
QYbr3x6i18CEMhfbcUDmXN71yikNHhU8Fa,505.0098573,,,
Qb3Pzr1EAXHi3hSQ9MPPvsgD7EapuJ7kbc,505.1455877,,,
Qh9oLSki4TBpJjeietuQmK7VNsFDagaCy3,505.4684748,,,
QXVFFxbvp4qyvSUHftVK37NTTLWraJuP6i,506.1238669,,,
QVHjM673JgxataZdr5mANzT41syUMrvPsK,506.2258867,,,
QRDVNfUdTFTGuudKyMf1GtcHveNdLXi3yb,506.4444995,,,
QUsoH594VXapsy1zcBYv8MEi4KsBBD3CWt,507.09881,,,
Qf891DToq4X5V99g6kLmsraZoRzDPDnfFQ,507.6171307,,,
QjvdgD6bwUYfVhGkXGrQRBWp2TUpXukptu,507.6439637,,,
QXpqMaC9PDnn7YHgqTTh94X8rKKStchrJM,507.8084737,,,
Qecu6r9bNDDEezHejc7DcjTqXp7dpanbjY,508.0054558,,,
QfSRXZ4nSWCYJmx5xTrAMxhBgfEVzXoFYV,508.0097128,,,
QcRoc3iTzcB6ASHVSvdiadUkmajxjmYoRW,508.016853,,,
Qeb1FuL1KMUsWsQ7oHvuy326SSPiDhzQLe,508.0348735,,,
QYDCXg3WfpYBXMNUZFTu2Hhe7oVHojwxzs,508.0384004,,,
Qg6MYm8yP8KQEmgmJKsN4YwS4buwCuci71,508.047833,,,
QSx9sdPx1Rwn15ymFhr1h5EJ32WRHgKymQ,508.0721433,,,
QR6XWJQRuTXcmmVZMQm7fFR9YExrVANwWu,508.0802181,,,
QiPUfMnikiVNYk3v93wjkccYF2LVvkuG7g,508.1113629,,,
QM8mp2Squr9XtQStCcag1G7rdJyZQvTcTL,508.4223759,,,
QVaCjb81y72cmQbGvcj48JyXt4v1yUZkLm,508.4820787,,,
QXdpYMbuyqgQmo5E2vs8RS8EWRuTDMHWBq,508.7494061,,,
QfGkGDaxEjKrw1yekna4MEH2aGng8ADkBb,512.0584811,,,
QPw6UcnkbMhXc7WTYdUUcMsD3voJiQTZyk,512.1500776,,,
QLsC2r1nZNnU7isyJiz3CaoNGJTWDhQ6hW,513.0834251,,,
Qbt7KrJRMX78Sc8rjTdjkYuhT5pwL3uE27,514.6180478,,,
QVP3XfxSrng5htyJKpoZ9zpSj2mgJwMEyT,537.0847843,,,
QLk5jKMeTBB5aAy6LYKVHCs66pCSazsVFT,539.2748915,,,
QNn6M2q3bSC23wp2j3PzMHnQnsshWRETkE,542.741505,,,
QQee5kvH97ddy113hvPFYoHZgA9y9TWAVT,546.4723834,,,
QdDHeYd98CxYLJJoFbGy3q88u5Dnb9eyzp,548.8942765,,,
QY6pxPgX4kLoPATrN89evdAa2vfcCjMLCi,553.6150852,,,
QeZvVuZJ19gjjfMreH6CoTjmLmVWw7tzxa,554.1387419,,,
QWrsjmjoK5ezesiqssHg31CDZfmVVAmAhu,558.0141253,,,
QRDNtfNczhtUWPdbmswKLXRyDJDs3LwoHT,559.7745984,,,
QQcDMc7Ru8RzJhew4v4HFo5PNWc8YggXvo,565.4981353,,,
QQNxm6TnYnC7cfHK2C9SRHixvAdGHVtiMs,566.0116094,,,
QhDfErexEqY5JwPsQAB8664NLJ7RwpoQBh,570.4542139,,,
QbAVXDxbSVfzMNZ7PBSE2PJRneoxgYZep3,570.5578944,,,
QaXo4DV11ybqxxLNctaLwch8g1QkkWibv4,584.8826528,,,
QZR9cf9ASAiuHL5W5HLfbyUgz87WeLZtha,586.4991222,,,
QdgaVTWzG7UuqnNHRZdRqyb7VFustDEHG4,586.7698589,,,
QbJb1n1kTECVK1BtUTUVbaog64jG29K5bt,594.5439626,,,
QWEmtp3TgMh5uj9paTAd49t6ARnCgQ8j1o,600.4086652,,,
QZoY3DNGQXLjsKy2nwo8DDUDzy2pAmjvBv,600.4501138,,,
QVcw1BtLHMrnht8nB6mJPCw5HiY7Xfwg5Z,600.5,,,
QSebduZjyyjVyX9TzbYELuMbeL6qwo94qt,603.9032539,,,
QPqaiTVFq2JegnDEzSKFZDTjGmUkEH8Rkj,604.0051092,,,
QYkt7GxD4cfs7U88UrMbtqJmq6sYP3ScEr,604.0088599,,,
QbeTZZav6dTqAN1K4eMPjTjix1tuKiyiJy,604.0145923,,,
QXx6GEYzKtmAKZhUMEn5pyxh9j4wVZUSMF,604.0533227,,,
QhPiqkVxkumPtifdzmVvWRgK7CrTcxRNQp,604.1517465,,,
QMXUTcT79CmmVf4ViiPhrjBZGPLzJUayRf,606.1830577,,,
QMJnuBZZRHhPqDVx7qH6qbovBZoYnzpZs2,608.018949,,,
QYNEtPuG9HU1oqvUKBEyAeRQqx6xyVkXST,608.0257192,,,
Qij58gv6AVMcVyriE4tenGzErf7Q3qJ5MY,612.6804116,,,
QLocxeCunA2oidsL1jakJz3rY7MXWPzRAy,624.4281418,,,
Qg53ZuKwBpFg7bWsZLk4JNDgky2YSS7TfM,624.7347521,,,
Qb3cF8X3kdRv1AuydfcrjR4V12FUxzSW6b,626.7797722,,,
QerLTdhdY7hs9LVDTWPrXPxg9k67SmdvV8,653.8149455,,,
QY6eWoBiNhuw2PfL3psEa7ZbNhnj4HvMNv,653.9352399,,,
QSn9BPL5XuSAezMsAM1baBsoEBoihepnRp,679.4151291,,,
QSB9FiJmGgjPVNkkayowYWf72UNAwHQzsc,683.2675351,,,
Qga2hiNspmhiwrTwyPMzdw9xsw3XtRrNfH,688.5950906,,,
QhZoAk2HtwNykf3r7nF89dNUdbvqzSx8iH,692.264697,,,
QMLe1oP9VsdFfhSDnH8JdY7VJwnq2Vrjvd,698.4345571,,,
QbYUpwG1km4zFYurKBfgVkMZQ2eUcdunnZ,700.4007888,,,
QMUPzUrvzgzzMp9XcahmJjLUXvBPrt4V3G,700.4052433,,,
QQQQdp6MPTWjapyDLtDTeayyS5XbSipH3h,705.9489061,,,
QZNdTsJPEcLxYZWoU1gKXvhoKc19KVwkwh,712.1436667,,,
QNvTvbpYiNGq4xquxJ5YCdhnH29ZpBpyUr,716.6774469,,,
QcRM7UyZYkmKqHJ4iWawFB3F53qhXJCs4w,724.9520111,,,
QSFM9QChYm4btWYLUCd7jj1wfH7DmQTiuS,738.1262695,,,
QePtSPPsUH5dPxT7hqFH7MpYgchBNUjKCr,750.1996244,,,
QP8X8W2H6ngW3QBw2rEqEMG26NdJN4NhVy,752.0216813,,,
QMd368xHrqAMcfkfUu73471MX2d86wBJBk,753.975292,,,
QPvqGwKAcQff7hszDCEdAagLoHjp4PDXwq,754.0109345,,,
QjpvnYit6vpRPVQGwNs12FdwLhXh9RVLP6,754.2839087,,,
QhsF7RuHLzJcf1A5drcb97WyPS9P1aFJc4,754.4615431,,,
QMtZQzWFs78WHScbrrbiPCDR8GoTuXjPre,754.9880302,,,
QU5FUEi8oaDCPcrEpJCJLitgd9vSKBkzRw,757.7144604,,,
QTCqLsN9gGrUcaahruzuXRHBPKTYcMydDh,757.8178689,,,
QNdpPQ7T8o6kFCgsRB65auGkuhZE56qthj,761.9453086,,,
QfE5oQcuDyi421iLvYv7g2bnT1T9pudSkR,770.4894736,,,
QhRauE4cBmRebwcTbXnkWpz42RKBGzbDCY,781.7759876,,,
QZS51vtcvNkNoUA1qDc3STEq18Pn4o3pqA,793.000567,,,
QZmMFhJQnySXEVz3SqWLh5U62teGEKq9gv,797.819385,,,
QQN1NzygqZyokGubixYAMkPVPKJdvesvwV,803.7598692,,,
QdxBFJutNRkFAueMZtC3ELP3GhUavVRUBX,804.0062122,,,
QPKBnDHkDzPXXujawx9WZcEibu2m6A2Ra3,804.0106438,,,
QRD1hkcPRV2xHNphUWudNjHG3bENUkLGKc,804.0234124,,,
QMYYAXfspUAi9uaooPCMdGUPXUPBfsvXYY,805.7514854,,,
QNvgYZ2JG5zQTnqC9kn7rvgTPG5rtaajGZ,808.092112,,,
QLmKfbLVGwRKhBUaTb7ntxMk2tq5UpGjE3,809.7791934,,,
QeZk3cRKSbYo9PhhZ6McSWo4WDLdanJFHq,811.7266273,,,
QXXfC6F993F6wv9L8KuxqiZGyYTp7nBF3i,812.0492058,,,
QZLfTJveuD7twMEFn3LyHUfNdaZzjcoYup,814.3516591,,,
Qfu8Tr5GHkxNqJrpeibviCuFhxCEuveePF,825.4473756,,,
QSKbAYq3A2wSAmMcFbK4u4Jtq6jxT7Lchd,825.4495208,,,
QfLzwFBKUq4WW8M1Hv8vBxFtd9bDKFkTzB,840.6032821,,,
QZsyzvjj3ytijKHguJcWt32H7myNXuDPUC,858.9607559,,,
QTLdsAF1Kb4nte84wTjo7P4MT3RbJCbP1i,863.7585185,,,
QXmWphyrmrQjSAL25DhRT4XWcnq9F4AeEN,869.9001084,,,
QTEyz9tnJTd8fsDDhAxehp6mSQyFwv2P8y,870,,,
QV6CBXLHDUSMwYxYuGNjyp5TQX9c3aM8JR,879.8304905,,,
QPBQq1C7CEAQXSyUCfHky2ytRkYm61bmre,884.9856019,,,
QPUDwdwHxZp5DC6L6Ms1bDhsGgE2e4oUUJ,888.2180551,,,
QVaViYZqbyygMy12jwPAu4SaLg4atsr644,895.4155399,,,
Qj5BmbLy5Cc1Wr3jgSiKCdzKi2rZmNnQwd,897.3086904,,,
Qi3xBJcyypSXVXDNZVjWKUFpyNVNPjz27u,901.3214237,,,
QRC95M7kZjexvJSegC97zLZXr8K8QfZaKB,938.2503186,,,
QaV9u6ZoYrAqck2KKMC6TBYr3Qf9Tzj64q,938.2507162,,,
QdTy1fREpqNqHJzjMJXEPeoDJP6iTBXDRt,948.64713,,,
QQovhqT7RMqbTPnknf5pj9yqqLwJE61dC2,951.6991937,,,
QaEFTH5Q6u7te2mCyj2dPBtBCwsErzSwWY,952.6996597,,,
Qe7XBg59Cotus3zHDB5huCARwUWiu8DpdD,976.499948,,,
QS8ZJmzVGGRxnZfAAYcjD7t5BoRbQSphkX,978.2647874,,,
QfUu4Ppx8YsFXrNWbt7Z1nQMBzkXqeLsQU,991.3978151,,,
QTP6KjtoyHps1wxSnkTysnprhWHTJb4t24,994.6984517,,,
QY3CnWDWFCXZx4JDLh2umxRjDgFWNABR9F,995.5865428,,,
QY6A3A8dhCnyCAR4HdL3DNL6SUAzV9GV8S,997.3471181,,,
QaDLJ7DyacPjpqRfVGpFcHZ9i5FugQb2CT,998.0272966,,,
QPfyzoRjDvtik4rQXEVx2ZigSFrvx8aWEH,998.1041103,,,
QdfZoKvGgoTCfrBs54puSi7WtME2B8Z39k,999.3592265,,,
QVw2eTUXAJYnmwNsFkku6U78meqL97M3AC,1000.35015,,,
QLszGEeMQW1SJxG6FTHHpe7MYtJMdXyk9a,1000.4,,,
QbhGcZYDbxJqKLFbCR188pWYcgTiP2r2CC,1000.400028,,,
Qf35H2yvGrBMSAUH6PQr881VJJqn6gqd7w,1000.400565,,,
QZ3qtAFYtvp9cuyKkmKJKvTM5By6mDL1Zh,1000.40075,,,
QVeMhDjeXxmJb7KX13UpPEwXb6fwtstg9v,1000.801465,,,
QRHVK1SHjkqSjSNtJHi52YkvDTbyDbr8ed,1001.200627,,,
QdCufp15oAKAx7j1LeWyievPpB1EhZN9ZD,1003.037803,,,
QWpYzJ8Ci4VVEqJFDVaScsVnf9F9Gw8Ps9,1003.710711,,,
QgcFYujtcuo8EyLuzjcnK5E4P21UwDSNhq,1003.906322,,,
QPrvbiqbiKVGvcTow8TL1otX9Hrqve5J5f,1003.958244,,,
QiQ48djxipmUvymnfcABBG5oqxxUgV5aS8,1003.99891,,,
QiT3F5NthCPsghwNSQbjyM3683v8qeoj61,1003.999447,,,
QTTBEQ2QYMSTVzbUf4gLuaJ8qbnd2zubdP,1004.001737,,,
QZc9FcQ6yD8Hwp7ETdBkDTtpR8zyeAVKQ7,1004.001969,,,
Qfn46suupD255GReCZhWanmB3ZKHbqvfjt,1004.003043,,,
QZBzhjzNuT2XQei1e8aLJLJ13WLS7SFmDU,1004.003243,,,
QNCXVfeYxG2pBLpfPG4d6i14RWJ2z9fgta,1004.005144,,,
QgeabEcawBmxXwGWcZGVJDRzdnZwiYV97c,1004.006696,,,
QTtTGFhzWdASTrKoBV2vLhsiw9KzVVafKw,1004.007106,,,
QMPPFefbbZ7npbA5jbKpibZ1B9Es2T1Tcq,1004.007514,,,
QjonrFP32Ykgn1JVcRerADrsXEY7aDK48k,1004.008922,,,
QX8ActHybznDZomERGMqTQBi2yJLF5TThw,1004.010459,,,
QinUhGFMghRNey3py5cAWzruEnmxtUJyEL,1004.010871,,,
QT8Ekpy5xoAiaVf8DVaR9x588K79J44hu3,1004.011563,,,
QbafAFicTwmrXLZ4k91HXnN2pWukxh1nkt,1004.019858,,,
QP3xgcHX7TNs6JcgdiNoqxJPXsYahi8Lhh,1004.020047,,,
QRLkySXNcBQjHW7MFoDbsCs6n8s2NVvbew,1004.025965,,,
QQHXa8p9D4wPmZ8p7dyn9DeygZ4t59vDKZ,1004.02644,,,
QgJ3iUq7Cw7ZiSaquf9vinTh8yTBVWy1yx,1004.029539,,,
QjuTwSwvYkT44Fvt3Z5osjQSsLvPWy3e6B,1004.033362,,,
Qhwqh8BhKRKJEiqtca32FEHGpvA4CAzYGT,1004.035438,,,
QQFPFDphhWSSQaQd6FADyqSrpDTeRKAcco,1004.040034,,,
QaKDJGLHgVxPsgMHPoy8Qa1FKkfnjyaYZy,1004.064392,,,
QS769thJvzSKcX3c2dR3ERpn8NmsVTZ8RQ,1004.082794,,,
QiNVENBSab1keeYjYFgJaXrZ8vmGMHLkzo,1004.109166,,,
QQw2UxvN9Ez3cq8ifyRiFf3EkWXw3H7EzV,1004.11615,,,
QgukkWh2bN9J6KcEBBY8cQKQjvuhdi2fuV,1004.185503,,,
QbCzvrRgc7YtNu5NtAEmwtj2HydyVtDGmP,1004.319187,,,
QMerze4u8MtzrLcVFEBBg6ojUgouGfuA3P,1004.411473,,,
QaHbqFMjh6UvDUesUJrd2A42pSjcRvCkC9,1004.556153,,,
Qh6usZa3nuHbTBsppZ4joh9Auycp7Za68D,1004.807931,,,
QZnUec9PLKejtyuMcZEX2rX2EibG5Hused,1004.823539,,,
Qg5fWBypVLvN7Ga4Jqrk1PqhEPpDz6scqC,1004.88717,,,
QZmTeW878VVCjxznXXjE2BuaRhTqdSi7kn,1005.004694,,,
QT2w55VPca1vt6ncJsMzGYiFk2bEdbKUff,1005.032067,,,
QXjfSw7wkKv31AytZUPnEAsPWgz63eMGWy,1006.441404,,,
QfsEP5xKgUM3JfVn5c1sNQbSqmZ39hMkyP,1007.001504,,,
QP4Cq2Yij8NYCkP1RjZFTmLSameiCNaN74,1007.97541,,,
Qb74EgdczAJvcPrUCi1f9dnid3RVT4Se15,1007.981799,,,
QbfsRE8DgWxceMV9GfCuGddrGR28eYSVuE,1007.981826,,,
QcwN9UQQAts77DWZTuREXMXz682dMKFtca,1007.98884,,,
QTgqu2BN1ngKWCj4uwdpAo75xLUpjJbtWN,1008.005397,,,
Qg5QxdavnXbhKfdEXkhsomzbLadhScKpwm,1008.005819,,,
QXwBf88jS7C3Q6o15inQtt1VwYZ5ucts2y,1008.006693,,,
QaYfnJzjLiU4ZiqEGWv8fAxk1BxBXcrPSf,1008.009009,,,
QLrKibe5sKhDSzwm74wLPUsV6mqNcExk1m,1008.009309,,,
Qen5roVKP7izjxGujnsiTCHkf8BJw3pcfG,1008.01441,,,
Qht78L3td3EpjR9HZR3dyxhz3pV7W11cii,1008.017891,,,
QP836KgdivZB5owp3GXj5BeYc1pV8GwhRC,1008.01926,,,
QU9t28szmV2ePPL4G93TzNuYF1Fz3Xtc7c,1008.019321,,,
QS6WHXQohWGJi2PduNH6puPZB9mbtpFT7j,1008.021806,,,
QikNqwAFmFiH5edKoo67pL4NdUGEoy56Wm,1008.025502,,,
QXMSumY7KdTamULFEP3HPNawJX1QgxcGKU,1008.026398,,,
QUVTuFJ4rKTZ6chLmSSFarUmXoXb2Xg4Pq,1008.026883,,,
QiKALBsNiXhhaE6Bjg4H2Z4WpPBJiC59G2,1008.029083,,,
Qfb2c3hw4im4CrTXUHAwjUjbqXXm7TzPDx,1008.034812,,,
QZXVHDCwhC4f4VtsWAx3EUN9ig7wPUXFZH,1008.036006,,,
QSRjWTzjZy6kn7C2CpNrEBtyxZzP7Sjbu9,1008.038404,,,
QQPymxtNv8F5ukGcbw2zYb6wu2YroWE21Q,1008.043377,,,
QX94G11Mi78vBkJKnTiTh5nNcCKegM1d1X,1008.043477,,,
QV4ndztBaabpWD1j8qd45gJ11FyMDrjKXd,1008.049628,,,
QivZYdDRjWHrWj7X4K4j62tmyu2dBisHan,1008.052552,,,
QiJd8pQ68GNMZrwAQpuNjjvbqjnwTHB3fW,1008.055114,,,
QSzMK1JNquPS6GayQwEdMdkveJuygPWiCd,1008.063939,,,
QjNK3Q4bZCv7xDe5JVqKUYGTh9aSGVSgCW,1008.078747,,,
QQsMaHV5189zZ3Wn4bFBMF4wCPkocR8gUG,1008.083509,,,
QUhUgSiFYytHGGdyWTrW6ZvfzuesS811BX,1008.085062,,,
QQ6wzGb2JjvTxChJL4D26fx9jXg2tzjtJq,1008.095442,,,
QbM6tW9eLccYeX2Fbfca1bYsguhsL1DSxH,1008.139558,,,
QehBuwuogQ1ZzgfKYxK69Q5BPCjKK72mha,1008.148848,,,
Qjks4K5KDWzDix3D1V2uhHBr9WRXrmgZPp,1008.160673,,,
QT8DRZQS3i98zt2FJkSGtcTDkwVKi1hjsY,1008.186718,,,
QfK2DBTTW1XA8BFMCWasH7cG8f7fe9gJxJ,1008.375195,,,
Qeg57DcQ3Pi9jFawegkQJYnidQqjWPkAXx,1008.427564,,,
QTZppdnRPJyHHEef426Vh8VZ4hkazvkuvD,1008.48237,,,
QfqkvPxCG7nxMY2RA5N5gqWCNWZ4p9m9CE,1008.621766,,,
QLvu1hFQ3SeMuDSGE8rqDgNhcd3dLt6CGG,1008.771823,,,
QWN4e15wPfxVjzSMUUz6qxHxYfxGBBB7bF,1009.01747,,,
Qaf5gbJzcQaiVJLkZ7Y9DcxXBUVLTGKvnA,1009.38876,,,
QcZayT5m94ES516k5G1Q7Q2EKsvGsWMY8m,1010.12342,,,
QjFpzenuRFfPpxPJ6kdQgXzt1NxM7W9AWy,1011.981666,,,
QWSWWd2hATfsGTupzDRajpCVpQX8mffP1S,1012.007121,,,
Qb11uxfXeCiDwaA9mJ8LvdDNeLhR5a9qTy,1012.017898,,,
QbNMwKoPBY1spRJDjkAW4nux96eeSfvmnt,1012.031391,,,
QgfYRfBjubZgR1QzQPysHdYdFB22fXDyWm,1012.031461,,,
QWAtn3q79kk6V5hvB72zPwsSDkYT9LXKev,1012.045128,,,
QLw1YuagpW3MRKdKsDPU7THsVffZWdnp5Y,1012.047272,,,
QVj6B38bVi9iqseMwWLwhZeKbMyWCztGWr,1012.053655,,,
QeaXG8n97aBb3YyZ6N3MQkAwh5yhrdMwgh,1012.059276,,,
QQZb2ndzBLi4omGXVzteEBPjh4ZxKpknRL,1012.071242,,,
QZPjham4sCTWVBBc92u9YYMCjKpU4MFMqd,1012.071392,,,
QXmdifiw42HhsF9CN4DZywAcAEwzYBHVit,1012.076,,,
QfgmjBfENrFKiWM6ijRngHJ7g6MnhVXWWT,1012.177488,,,
QNTRg7nRiFtRFzvjYzyYZUcbagDgLWQQeB,1012.363588,,,
QUw72qjpzM7WRu3wgqkDkHQAX4x7F1FpYK,1012.714463,,,
QQ2eHqnZ3GegTf6C7m7kjP5UqnbDU1zZVN,1012.776297,,,
QPaecyZVikE3buZayMoDpDg5Cut1zG71Gi,1012.822112,,,
QfD2x6Z9MdjQAqMXdYDqQwjE1jgeAZEnS6,1012.822186,,,
QRMsWygLYvACMoBmDDSqTCuWef1otzx8pW,1013.026835,,,
QQufhadnRwYccyVDUSF7jQgo6rzTUBXo5b,1013.863326,,,
QcKYQ3Zis1SZzvMSSwkbV36XGG8EZp3WRA,1013.916139,,,
QU2QZ8H8GFxEdzYqpbhiPZj2JyCPRJ7GJh,1015.559948,,,
QeEsbapXX3Jm2rvA7Cd6xLkK5gRvmwSQq4,1016.031237,,,
QVyF23tezXwt2UkDM4sVRXM2MnXxQ5zz8t,1016.044275,,,
QbcYRPcSCpqicxNYroH1owUC2f6LWZdWoA,1018.433868,,,
Qc12JiEX2nZj76x4JpgFrUEpbnayT8zR2T,1019.365489,,,
QNY23v9s57PdHTB6Sr2QM2qpNTXBknGihh,1020.056569,,,
QjXAFADQ1v8XLUK9VR14LGWgWse32KFLfA,1021.293191,,,
QW5zmMMQtP65hkPBxr1U6T3YFDQRWjYmb2,1023.68246,,,
QZKDi6MoxugE8RGajvhBCyjyi8QSpiystw,1030.950661,,,
QcyitskCim2ASyQJPfnUt25e1Zp6j2Dkx7,1031.059711,,,
QTRPPztGZBmfCy3iAZ7PoPXVgVF9u7U7Ze,1036.231679,,,
QPpkteWCNPcLGmnJshzUPNAiXWnXhdgQSQ,1041.51645,,,
QVDGNgza3ZnkfwbSfDHYNvHkPFzFeFfLxs,1055.677209,,,
QPzFhs7GFbN1a4J8TH7DNtqQrgnPQ6CPpU,1058.111976,,,
Qi1WzWx7cAZYexBeckw6yD1VxHdr3P5Rfk,1061.906011,,,
Qi5eertbwYUcZCUGMTFNMb44xoEpXcmYr6,1062.187084,,,
QSUSzEdxj2tZFCJLB2AgoXBzy3ALK6cNts,1068.000527,,,
Qii9ZeqauzX23vFCzNf9QWyofwkZkBUuCz,1075.528999,,,
QN23L7M65jxX3N1suBT3k3y6WVxd96B3P5,1082.547675,,,
QZS4PC6VvFXYzAAFzLVSqXUAKBTP7shjhd,1084.835246,,,
QfzmMLWwedbEWatVzBS1aSBakazX2tdCnY,1086.573228,,,
QSarFdtpbyasEnpvSbVm3o5vFWUbQDFfqB,1090.091038,,,
QT4NR2YGy3wcBYK8cmvBRs5mpqLAVPzppV,1093.613184,,,
QTZvGcJLkaAAnmorbDu8TEcAXnvZ3m5PJN,1103.991324,,,
QhMHA8bxwgB8rHAJGZYbZfD3NdQ4K1ajY1,1108.035565,,,
QbKZLh4YW4cZvK1msqwfn644fcGBRgn6uD,1111.033474,,,
QhruzsV87m2gNrpyU9vgCETVMyuFmje7dB,1112.596886,,,
QigDHyfZe8FacGX8kfuUjC51hi78rWU4w7,1134.111121,,,
QVNGNEV2736sGSDdsSqU6wHTbSS7iJLXyj,1146.445918,,,
QaAnQsrp2r6gFVRCtGDZi4vsuEXoekpGDL,1154.798447,,,
QgpNc4sBUpq31aGfXAj752BMjgDBAKdrMK,1193.498433,,,
QX2HmA3qpqgTd1cjisaCQsQguUSxyg7Qwy,1198.451522,,,
QNng3M51fM4KJph2KRfw15gChSwMSybPcQ,1203.046833,,,
QR6kbMW5B1pp3dwx5nhUtXStwtmdw4SCRR,1203.211617,,,
QQFfmcrNCcFy4TRPMKxuR99RZkBWZxCgs7,1203.505124,,,
QWGd3R8dND5qAJ3W5VgaxJNasTC7sTPuKC,1233.121126,,,
QPrgdCUHMrednYXrz9KTtGpeRfLcgacewK,1234.135879,,,
QMqC9bKa5EPrAJMeiGmyacGS6TcHCDXVNv,1238.105218,,,
QZZCKvsAMpnBrF8cpHYyLLKLBmXz8KfhXZ,1242.445069,,,
Qa9ELozePnhC85N7jBrzLaHZmA7FxE82Av,1250.35,,,
Qbuts8ktf6cMbNrevAyheUU8gGYruSNodN,1250.35,,,
QgjpvmnUgFNgpHC99gEgFFRq8hwgiBe2nz,1250.35,,,
Qhjr71dms1zUSiZUi4eAuVgM9AQ6n1zBZM,1250.35,,,
QhtDfzJ2XCywp9B51y8xGzo2CMz5TTiugU,1250.35,,,
QjaLijnCU1u39pnnANcZCyQm87bKF1w8ye,1250.35,,,
QWcUj9Xgcz47rvdPmRJ4dh3eT9G3iEdghd,1250.35,,,
QXi7ZkmBcbwTnK6CZvZxScZ9iZhyMEjXyV,1250.35,,,
QQLzmBGbxpCcid9gKxULiogwR4vNPGXKyJ,1250.350113,,,
QUpw5stPWSypZp8kS37K2LZjcApzCXV9YH,1250.350114,,,
QRgVGecpzRqNkmXoaPSzB7pAyW2rEdssW8,1250.35034,,,
QLj2vnqqN4V3yn89MRs7iHT6FJL1rKMzT3,1250.350341,,,
QV4fsr6e3Z3b1UcyWTyWEifdFGFgA5bVSF,1250.350457,,,
QgYS3bJXv62X6hetRu1w1UdfR2HrL16ycX,1250.351062,,,
QRjGoEgdi2JFowgTEcw39CZ4qeY8b2gcrn,1250.351664,,,
QQex7cHCECkukPvNsktw7nsNYrq5zLoSrZ,1250.351674,,,
QXqr6NPWb9jsFBGWB4mKGRGr5hhPJSFjVx,1250.352368,,,
QRzCHqJ5wzbtXs76fArgTahakbHiLELtjW,1250.352813,,,
Qjey5H3DNdHZqLaMiEssZ8SXXXNwpRra3s,1251.164602,,,
QeuMX3rjNbe1oaoWx6p5T6yRWU8ATBz1qe,1252.414037,,,
Qf3fVWzk9M2WMN2gVgMHseAVC9JHamAUWf,1253.969775,,,
QZCyc1DLtmZTqfELjnizXmqmMArkEvoaSA,1255.011619,,,
QVFjgoDQzWpn5FiZaP47FwfSJKdTvniNZg,1256.291473,,,
QNL1W8rmJ3GHwKCzDgYKdCQVdCUcP4tYXS,1257.56528,,,
QcqV9CLwsn6NPxzHgXfYXkRT8musjGkXmY,1258.04626,,,
QhTojfbmbU1o8G3iH2qXwazRFMsxYoYmB7,1265.165112,,,
QUddUDLocX4hFN3usMVyUFbD61Um8Gd4BV,1268.760239,,,
Qbn9sRk55fTkM2uSbnQjEMFTFiGne3VYHi,1284.812236,,,
QNB3NopntEAtgokhhGQpBrRBpKLv4Rz6gP,1288.315887,,,
QghiuUzmMCZYKykvFx9nAahxGBgkP2ghNz,1302.853125,,,
QXGSVn9KuUj1BiN1SSxqUW5vQZysJLLU94,1312.097852,,,
QMEyrJenuNFRZdNxDt1eHyzWY8sgsUfRUW,1315.986409,,,
QT9GAQ5DDu5Jgbb1K4PJf1WsG2YqXShNwu,1337.201952,,,
QNDqMu1ec4b2yMgtVJ9DCysooLYWYuoNWX,1341.507752,,,
QjsssPTt1d6RzscCqwgx8kWmcnfY2YKyQB,1363.059128,,,
QhXEKnxRAgxqsuJ1YkFmM2hr83gXhapxaD,1401.046732,,,
QWU5faRwxmU92zGLgmFx9j2q9aVvd6EGTg,1404.019265,,,
QPp3FPebVZmxdCYydf3uQahEZWkW1SsAeD,1404.023652,,,
QdzUQnCXWA6uDiv16xHQawEkPVHCHyQ9jk,1407.488248,,,
Qc3dBsG9n7i4Z537s6E815rApdhaZuQVVp,1419.424261,,,
QZ8mjnThCUX5Dkw9Jhar5zFVeJ3V2GCgza,1420.051674,,,
QS4VSvZyMoMVsw6dJ3hbEv5YbbArdRfcnE,1422.299576,,,
Qd4xEn2XFw6wpzTfFDbcib2wd6iefgix1p,1425.285279,,,
QUJvm8zbR3oixozjLDgoQ6jsZGAgrihz6y,1427.32187,,,
QQdWaQ5Hujkjzvvtn8GExhLWDkkzDTVRJf,1433.889154,,,
QMdShL4Ex1u7BdpnZ3DpPR9pRt55oZKgkb,1469.217934,,,
QNKZkNNnBdxzrrvP3WD5beEmW4R6BjKkpQ,1470.890902,,,
QdSgyLB6Tm6QLVDMX25HYSHvP8a5dcr1Rd,1475.400398,,,
QZb7UzM6PcHLqncSCJnGXHJ3v8YKUYdFVA,1486.373932,,,
QTqUhMVfs7vNyRYJUGdGoEEvFyWeL7TdD7,1501.030299,,,
QZXLLUae2kdMBrpYq1hVxvW1Cow1u8TBH5,1502.628123,,,
QLkRYeQXs9DWzXkwuKYmPPFzy28gMHFSPq,1504.005863,,,
QjmhFkjRxaNWPfu32FuJGRmxWxfnarGo5Z,1504.022946,,,
QPBRHnZRtu1jCBvmX3hehsKbK3aZ3W3mgX,1506.896311,,,
QNxqyvjDcwFsyTPzrLMF9uQvC7G2w71Hg5,1507.157087,,,
QeHYXwyud2Sd5gxeRNKsh8thU5tdGiQHBH,1508.003974,,,
QVYYTU9Bh5NBe6Gqn1cvYsvSXF91N5gkdL,1508.007405,,,
QQG5KfNWphXs7fSmAZfm7eCNzNLCE9RrGi,1508.013329,,,
QgkNgXcxRZBN1cHE7LMMGCFXUSbnZjrbS9,1508.414821,,,
QWUVHMsykxvEaDaZZ4WYC66DthVW4pTbaG,1511.729327,,,
QbKoUAwgbvFSQez4zuC7x6L3XPy68FXPH8,1511.905797,,,
QcmvgkTmHohQkKCYwBLi8wysAJ8WhKcQfP,1512.027545,,,
QM4rT6Z86SsyFDycWRCRkoeUmufknZ5ZDh,1512.038371,,,
QTsNsBA83Z2Sq4veEveL5zcaT8UgD4w7LZ,1512.083628,,,
QYrQk7gXFLb67rkNqibBPgU7WwZ7xQQhQ9,1512.201624,,,
QUr2hFDAvH51PurgzEnLy5dqQPte3u4P4U,1512.421759,,,
QR4X1UEkbRjcxnyMBs16DoTyHkM18Hm6uV,1512.613423,,,
Qd3FY7NFghUjCro35Txkjp624K2zh1po8p,1517.712007,,,
QSLG6pYYx4sQuwsdPCbn6tMthpr44soiBk,1521.986963,,,
QhxkdQKafPUpQJRPrxpp3CCJs4dkSZPpRX,1522.100888,,,
QXFbdbhNnhdTDq3FBJ7yh61jAWwGT4foMw,1525.178722,,,
QZqA6cQBDxwXo1uiQrMmEhfkTR79ErCi3r,1526.986813,,,
QZ7R3Y8FNwcgZMXjm2E9VicBwCpfxGjs12,1544.792545,,,
QQpUFP76dqVM6qJAorzVVbZX3K2qVzYw1P,1545.181548,,,
Qe58iBuYrBoLjvSXDPQ7im5a72R18bSCWL,1552.029118,,,
QQafAXKKBXrTev19LQ8qbQxhv56fekw2b3,1598.188106,,,
QQPBPytgq5ZYhuMepYvc4Cg1BN1zfTMauz,1598.967964,,,
QQCELnznVw2WFwZDgruof37nW2vDeFC2YB,1603.992389,,,
QQZYh4C5YYRsdrPeBFsSzjrnT1BrKso3my,1611.069799,,,
QWaFABKTtzkJ84UF1NpJHLTTaiz6aKyaRt,1628.698311,,,
QRCbnJDh8ZSFfHZYDDKEB9cuSkVrrFf4pX,1634.62691,,,
QUi4NVKwKFVKBuRGvRocWtWT3nGU3drLzn,1649.657822,,,
QfFZD9eAWwktybRefnLoJx2yidEFVnK4Cf,1658.567381,,,
QQJ8udNAF1TvBDkojhiVc4GLznZ4QCk33M,1669.180217,,,
QhJgyvKj3HZZRXwq9yxqAGqTasX5EvNY4A,1680.017181,,,
QepGNc8mjv3N6hKw7EXCSvSqRrGPwUxReZ,1685.748015,,,
QPbBCuSy7AB1qFoZhkL6mDngtN26CfE6To,1692.723103,,,
QMi3g8hVcsSY9YJU76DuvALjryUD5YPVKa,1708.008143,,,
QfubYKeZLUzUhduin4DN9VsNPULhJ53hr1,1717.249033,,,
QcpYc31g73PchSfvHbRVWThMGNxu1cEF9C,1746.536435,,,
QRyYN9PfEwg4wuhkGjwfzyovuv7DKdgov8,1747.950731,,,
QSVXwzCM5u3xGGNZ9LaCgED1W4BW2KR4K7,1754.407216,,,
QcRVqzZ4MsLYqq3mCgnMLHUJgNXLQGxFss,1756.386998,,,
QRAzHE2RPc6pECLf2pp1wmLEEwLYGAaFsF,1763.529462,,,
QN1cHst5YQG4ofzjvuwyigWTjpy7Xg3tyG,1763.621529,,,
Qiu5hat15qio9yS4dtFVv7j4q7vyL5jV21,1780.324806,,,
QbZdho7smGxux32UmwtT6wpDDQioe82bGv,1804.002569,,,
QVC49a4soiNkVN6dqURpYYWCqWQRXwR1kU,1804.399709,,,
Qd4P89sAHq2pufCVAnGK4S5HD6P7EWWMfH,1807.065042,,,
Qas4dvYSyuQP45o34PiCmAM7X5iZh3XhnQ,1816.097397,,,
QYcrX6jL6EHJ3aSSTJkPLK6eBo2tXbq7DC,1818.963204,,,
QZXhFMxBrwm2iUzcAhyddpuHSdQ7M7xaR1,1829.69749,,,
QLcvgvbFJpfP7RVr8skUwnSB84bMiiXT1E,1845.653314,,,
QSR6rocUu5P7ZqjAMwDxh9hn7AJYotkvLb,1850.016206,,,
QUFmfGSaiwr4Do9SrugBMBjUuFxHKvW48g,1867.96823,,,
QivGkDRxK5pbnCMmMCdPCLwdq6putQkMCs,1876.13181,,,
QRLWJxrkuanPRd1BPY8kCEYLuzMq9YSLSp,1878.17916,,,
QQf4Gckcif6f8ysr5gt2NQPfHHzpgh2UV4,1883.217831,,,
Qe3MFp8Mwc3gn8UtW77a6hthBpJWn9MhKe,1887.71865,,,
QatpAm5PJDmo8r5A73N2dxCbENkegrQP5Q,1904.00117,,,
QbYZofepAb64YqErhpLibEqab1q8mbG5ZE,1912.577265,,,
QZcGroat3k7Q3TNoeoWbbVe63ZsoaHvQHq,1920.607441,,,
QYyQxiDbnEGmRLguhFXythuhPfiHyx3Uq9,1952.060236,,,
QYTrA7ZUnMfGTiv4y7J25RX5CuKnZ87Nyr,1958.917742,,,
QbgTVbfjMLBmvYpcHvcuqobAMfNLadByYK,1967.842095,,,
QWe8xq74bifzvdRW8XsJoC7xAKeq98poBM,1969.103516,,,
QizDsPBJ8eJta5DMmAWbj2BzMpf77DttEs,1996.663471,,,
QVm1vbed7SJnEfxpySyiE6u9Z7DjXGBkvA,1998.1162,,,
QaPtTgjV18DaC9adbPsb9jYF5QzYoWZGpG,1998.986901,,,
QbYrnaSFyTGzwmSjkiiPnjQytxEDBb7sab,2000.154096,,,
Qd4KSRrUryeb6XaTanSPVcJbZbKx6fDufe,2000.400113,,,
QX3AkzYA7jQz82shjDthuXGKExcwMsecv5,2000.4004,,,
QSCAifYDapK6G3J5pHQCKEkXWqRnQGZaPC,2000.400693,,,
Qd5s1exxDAkxmk8vQxYKd4vrFa84h6yoLE,2003.606484,,,
QRhTo2Cb91xdXFfoe32MKxxhSEQyKcePvM,2004.000995,,,
QRy3885gZyDNoWoQaTprnR6ywqJu6cbNHE,2004.004371,,,
Qc9L2GaL8a65t6wAVSMqu41LytXNsnJdzz,2004.004865,,,
Qa4qyrFNbXnNdDocVfdhNrAWcJyoMMwuRV,2004.007108,,,
QdjF5ftZbL1NkEBZXK8xN5s7ynF5tE8VTV,2004.008466,,,
QXNosGC6ZaMvXnouk5LGfqkDJJXWMCRdjH,2004.011038,,,
QZ4DCoMi4XBuY7iR1A8nqnqF5tpcqpfPd1,2004.017694,,,
QMrj6Tjeee9tfWc55m38p1fAn92DKF1tT2,2004.01787,,,
QcNJuWD4Tr9BRUbN8guj1ZRbndiVtU1XfK,2004.01812,,,
QRgriyWkTuVyfF4eBpWxy11crAVXy18vx4,2004.018241,,,
QZT6MEMxCPvuXsJQZfpPXyRn4tTyGKv3Cf,2004.020581,,,
QZuMnv9LoU8MkS5e5oDB4o9AfpWzE8GShm,2004.044188,,,
QMbsVfq9bthw6UzyZQrw8DomMNxzhZZCQZ,2004.070043,,,
QN5fEizdzUTMPhFWDpQ7dHeJgCRNxGZKRu,2004.078808,,,
QStk128NPypcTjbTQHxexX7dymbKFKE5yr,2004.405688,,,
QPxNfyJtBoEF61tsn6gg4rvZ6faH8Sxq34,2004.408244,,,
QatAHfq7Ydw9MSNbzgy79yMo756WXVAEYW,2004.494312,,,
QYVNyc6qEihVWUbxyDhbUDNdbJQexCFDAW,2005.18,,,
QbGoqW2UsweZT5DJZ9aHdjhAVuM5PAAWic,2008.005712,,,
QP451eCD7hPcgw8mnVmUKNt3miZojvk9zB,2008.020336,,,
QZKcxY1SL1b8ykz5JHWrRMTd2XK7D6VDzm,2008.022162,,,
Qfwsvq2nf1BvXuSKobjZMKErxdxxGuie6W,2008.027436,,,
QUpVT56eyTmKe5F8VinsV9idHcqMYBUYkK,2008.031331,,,
QUFYf7WTh2x5admVL3kq6eNjiTdz6bu42b,2008.035232,,,
QbzazQUy5bbWWnLugiAC9rBp5H5voQMHkV,2008.04529,,,
QecYopMK5HepcaDwyn4D9fJvvo14YMCHJp,2008.051974,,,
QfCfXGiSPactAVu89wpdZfj9ahTy814e3i,2008.062205,,,
QRUt8Tzx75TwuFBNAzeKCy3xbutjiBK6Vy,2008.063791,,,
QVX99nVujU4kYZgxynRUeLadckjTc5ZrXm,2008.081075,,,
QdkYU2JAq6xAXoApBDxaGFkyNifMCejZzC,2008.097477,,,
QX2GBi8Qs2P939PLRkTLBEEdk6PHPQLmQ6,2008.11168,,,
QTBh9YjrWMAWWZJt186ZbwR11Y35CSqA72,2008.135943,,,
QiWV3oh6g8ReQmc1PBkYhcpfAg6XTxBo6p,2008.155713,,,
QdK7JNo1bfNc6ZMpkJpVmuHVjyY47cCUoc,2008.197554,,,
QityrhYpZJwxrrngS8JnDSsAPu6tEWN9Wx,2008.233552,,,
QgvwYjt4c96EH8K7BojBuFMiBY7rrCBdzn,2008.422625,,,
QjQk8nhymaMETSQNVKfyTv9vkkyX9736Lz,2008.439786,,,
QWziFRx4i4z6B2zcvg4G4LtqPoVjPdnavL,2010.078975,,,
QZBGswSZ84q5gTo51hjMHYePqqmo4BBo45,2010.172402,,,
QjHoP92rZ71zfa4HhN9xNbN5nknDGcfvuR,2010.998797,,,
QWfpZtAwAtUX3HSvmnW2Ft5U288FFojNuL,2012.038203,,,
QjhPTKrEtqRkFHT7m9yFyxaGVrUZgfNLxr,2012.039512,,,
Qdb1Y7Z8k4oyRqSrhTsH2icHVMrsRHuFFQ,2012.041069,,,
QiL8rKSaySrf55XDrd9rhRfJccjpi49CMi,2012.049195,,,
QgPEkpNMHRzFsZxvzJt4Q8rxSxqWePwkrV,2012.054107,,,
QZWuhSTrpFu6uFNqXfopKAJRxuL7KRydQD,2012.074615,,,
QRD5XidcBgFf4aDo4y8W5hDgawUpNigaB7,2012.246493,,,
QRWH9R1s9usYNRs4n9sKWqhArLm7QNEwLy,2012.249777,,,
Qjk4qzcqEsVF3cyUiEc6PcwHeydogVH2F8,2012.440238,,,
QQEHjDvLfNbdW8FZDXsg4K6bud7wq8Yzhv,2012.715903,,,
Qgb4Scy3HsUkv4fJNqWxVnMxm8Hgm7QinP,2016.040542,,,
QYdqMjp6jSxRiQNcYZWRVuyCXDzLxb2Psb,2016.107557,,,
QNfvzt8k8ZzYrumhnMrM4p9JhtHzD5WD8x,2016.261558,,,
QY5S2XcoHaacVGeaChdByG3T3ZLAo4cwLG,2022.014276,,,
QeL46KWBhEenRBLMJL6Hinf7LYYrYg43aA,2029.400468,,,
Qb4qn1mbKJuYm7QRF2ijxs18KxMHVGivDT,2037.7745,,,
QXBahKSSMdz4gEFh6mkJMFAkMjd9PPHp1s,2043.504564,,,
QV2FazvntaPKJ4JfJb3s3GP7jj9HFuPRVC,2052.138487,,,
QbtpWoRAYUQjr9VJs2rdYWH5Ab5BWvcEmc,2074.620194,,,
QfKazmKAHkRQaCPLDvhtsAyzYEjRskwdMD,2080.751763,,,
QcBwdSdtzo2hoXYC75WPjxk3v6LrVem1UE,2081.819285,,,
QUSnRRPxJKsLBRqibtneCewNtKDB95uKRA,2084.726238,,,
QM9khSVL5op5ZA2ZmwwFZ9SULzDqgUDDxn,2099.047086,,,
QeTikofU95boSG3TE6KBnCqrLLJKvwwVWu,2105.982047,,,
Qez9BhjnFmge5YrGztB1KXyKZ3Z6xU2R9J,2114.254257,,,
QhyxZw2b58bFPqgwrq6ajHLhyvLzG6L8jR,2132.442897,,,
QhfUQC2uFVpFUvwWAtJYg7h1HPzAxxFrq4,2148.835722,,,
QYogDGdLRRvQvsTvdemw6cJB8MUAhYQVhW,2174.280709,,,
QiQyjcKoA6syYVAkZ5wqVmpBtHqZaSdwaa,2176.967117,,,
QjFJP6LBMs7irX8BhtaRypKkNeEktGYpD8,2185.958915,,,
Qc2q8Hkp9TTw4ULyBejmAM9zDdzB7ZPUFe,2195.970303,,,
QfSaoD3qNrfB6fChSdfSbfLzEXVTHktnCT,2200.028965,,,
QNXPruP95yPhWEuo1jyoe19tWYVEKZL35R,2203.545318,,,
QiuGri2Z4dFarwiGXwhbpPauTkj6N3Rqtg,2212.504884,,,
QQWxHFcQ78WhZ878SGzWm39EweUydtn1ti,2234.003945,,,
Qh5iHKTs546TDtkSFMAnCVac5vQRtwWEEo,2254.017105,,,
QWjxQ8cRyhYSar2McjkH4MKB42FfmaxzNP,2254.744043,,,
Qj749cfB5djvN89QLhYHBf3DbbPAZyiWBi,2254.81894,,,
QNznEfUsBdN2dAS4Xb5VUqoN6BaA1gpHYo,2270.813856,,,
QSTyNJdebiquhNLYepZYJv2yzJnKrimm2A,2272.315675,,,
QY96gE69wsqPsjNToQjERJuLdH6T7AgsRy,2274.797424,,,
QNpfg7dpHkwAnU5uKhwWu8gihFahy14fpw,2284.417397,,,
QRavXBPqtaqAhnj8fk2ALt45iGMTKUtyLo,2288.0938,,,
QUpWNapVue2enT7zNQ2kWZv8sf8UiBMxa2,2291.856277,,,
QWGUQ35XVXqycgF7QzFN3kCFx8YLm7UKUg,2300.4,,,
QYcwUhJJHM28q7VmYWtno46rfLUnecunYr,2301.744173,,,
QTeLYULd5k2RSiUcbw1aiGWYVvtxEwkGtG,2309.083051,,,
QiyknCUq9Gixjr8cJYiQD7AvFHaMTYsZBz,2315.398223,,,
QVEHp8WshqVCkbr9Z19sJCfGB6xQSVFdZn,2324.878238,,,
Qi6ccWUVrpaUoFMvTzX9QKs6gBjA3B1fdB,2329.619043,,,
QYfbU9tZdRhuG7xEjzbW4rB827iNaw2Vbc,2363.013417,,,
QSMTr7gENji4fxGQzpsTEqsniD87JdVrnU,2399.433657,,,
Qd8tUMk5EXLkiE2hniMTKNHtsF9BHywNwQ,2403.055223,,,
QgfJUsT298gLhiotKETrxYhq1KLH1QQLT8,2404.009164,,,
QLmuLEaKjF27Xn4JrUGsVyHk5bL2bDXh4K,2404.02467,,,
QfXkcZpmgvWRRuRhxN14FGnNU1LHF21Skw,2411.149556,,,
QQY2KhRn3TRg8NBuLy8UBRY31rVsYu76tw,2422.164111,,,
QWA6wUN7EngjorGiXdC2BW4zhiqBX3ikJo,2435.033373,,,
QjMVwamofhrNNaC4NQLmV4VFNZSH5A3jma,2438.525646,,,
QfXiD62J44D1pTFq3iMNFHA4XLaAueJgLR,2444.147618,,,
QfrzLHwPkqzdDoVyididSNwxX8jsuWXRzC,2450.82772,,,
QhoXRiGVbc27sfhJD5Ajiy4VeDYsAGXwhx,2470.347919,,,
QbMztMHnsS7bVgYtFaG4cCxQkvHYYtnrJb,2472.750425,,,
QN8vfSPFQsfNgsbHkteH38m8zqp2RrQ1aD,2484.225135,,,
QQ393LLv6qpdgbTXUYck8NtyKwSsGbvjiX,2494.522434,,,
Qdsbv5coEEj7tDAFNdMuYJA2m9FD68QnXr,2500.7,,,
QhQuFvtdrNyD5Hm2QjCD5soFqJH3d2Yyz4,2500.700264,,,
QVgNgTLFiV7Mxor7kFTVdAr9HA4M1EEdKf,2500.70049,,,
QfXj6Ji7MbSDrfXoyxZn156d8V43KVxuu2,2500.700891,,,
QdrDRqeUqthqvSrJDh2dto1XyMcaFwrSa2,2500.701182,,,
Qj7LPK9pyQydZkKiU1Wio9aem16PU7a6hP,2500.701227,,,
QRhxJqaT8AgTJReKfNWqFNqRvwnkX1dnNr,2500.701275,,,
QaquH86sg4mkDQN8tzaWpicXdUXgh1TFQa,2500.7013,,,
QLiTwWgjf94wENHvpQJTCN3XHLxBBAXzCa,2500.702896,,,
QQtsBnmLobJqBUwNdX2iFCezy5SaBr6oEb,2501.103728,,,
Qctb5rwx9oeaf1L2UMEkMDXFpaDCeYGdUv,2504.308765,,,
QhyVMuJa4eisMtQiTjXbh7HapNbhfJiAc7,2504.309717,,,
QaBHxyvA7vSoFqibewF141eqJpBdaE3WRx,2504.319826,,,
Qjdyh3nYW8ddoBZpunzpo5JmQBW2GkZws1,2504.624416,,,
QUNRUm51anYmt1gGWuPtqcEMsAwbCNwnbY,2507.929174,,,
QaeYfKyGPxQwgaszdDnh8syNdT8om66iTc,2510.110062,,,
QYDr9JjM2JcVmQfx4S9Wcu5S5i8S4HZsMG,2512.017216,,,
QXdYcXPP2heacLMt2D5YZ4vQbCyBWdmn8J,2512.08368,,,
QLqHKgdMFyJe8mFW42bz9P6hBjqnBhbM75,2518.224353,,,
QgJWYhcajwrNgBNiMtrMq686KZbd2TwsyV,2519.981715,,,
QYKPFrZqjcFf6cHdDAzs1kgU5hygqk5TqT,2529.388992,,,
QghbiLNYJzhxTPd1ZiZYMVAt9Ma1BcJC1Q,2533.287037,,,
QPT4oHxroNBY8zDGYmA8CYpr6rbB56G3Ne,2560.827132,,,
QMshxXXQCizth6FU1P9HERJGrrQTCX4AwD,2592.496127,,,
QRo7mjJsY2BNtE5XoUZDG4BiXTx2buusPj,2613.014432,,,
QWFJWGqmcjiEwZuGAAgKgRZnQKVMwSVsS3,2620.060911,,,
QMetr4Lwc2trHmJ64VSofyS121LvP5D63c,2625.397538,,,
QhBxxLKmUP6tdKqqHajVQL7nH41SyP7xx1,2632.139856,,,
QgTDjpK38BpiVQKzk7VtnQMrq5oRuCjLHW,2634.926606,,,
QNWGB7PBAab4xEyTnbmJaVNEab7ktxffki,2636.962896,,,
QWHFNVizHMeC7uK9v6S577SALk1HMAWsw1,2644.699122,,,
QVX3C8KzwMYnHVaThNeTnU5tiUkf1fBBHT,2660.191396,,,
QUiDtAw5x8Mojay8qZ5fUr4zFm5SmdjMwf,2703.855029,,,
QZPQxHxrZbB9bfstE6PScpzo6MkKiMgJgy,2708.776802,,,
QdoGeSXzhHZXPQ2GD6yFcLw6DtFy8iQ36j,2709.971344,,,
QMNAyNNiSLA4QwJzwmtaHs3iHPqGCekkvY,2723.50216,,,
QgTCEecoMr2TGDB8e9uGpUTp2eFq6n9caJ,2737.267674,,,
QVsQaxp3fpjSeYihxHkEsCJhJuV2DjjysG,2756.808566,,,
QiohyYrugL5DX8Noz6PiegCD51d2EiRyi6,2768.533692,,,
QXtiNYH7oFSXnjpmBAbMbBQeZnXWVKmHws,2773.01688,,,
QVqnCFSYpotey2zgivxxcx1hjctQoErLon,2790.650021,,,
QfJx65jf9qSUcb6CQEWcf2f856fU3hNrpM,2806.0604,,,
QShPWv9WKe7q2qSvpmesxN8YqXxxqZz6rD,2844.409646,,,
QefpFY8kEfg5EyJ1bUA2SXdkQF69bERx44,2898.221624,,,
QMdKQnBF7nhuLA9bXJk2fRPA8jpyqLzV7f,2911.48929,,,
QNeH1gNbMERJ21ti3fcF4ss4D1y7EDeoah,2912.611728,,,
QR9ypYszDN1bKvig4UykBFLoPoVFZKaUZz,2913.027237,,,
QLycrZQHCg7JuWzmg53uUbeiKgaTDnsB7z,2916.857729,,,
QW1X9bzNdGdgptDbDNFKD4zHTKBWBprqXV,2941.700595,,,
QQK5EWGheckPjREvtYWamnKLyfY2HQ7Hti,2946.448724,,,
QNHH1vQAvDVk7tWfB7Be9WaGDeBFkGM3r7,2953.56154,,,
QatnoyeLS5pQPHTgo5hT2cEVdeqS1vxBmr,2955.210263,,,
QWkr4McxHvxzTprNbx6cBcLhgngGuaczqA,2994.715956,,,
QRV6Z91vKCuy1KpiBS1XqPpfRT6JGaLC9R,3000.954257,,,
QMFE8mpcsSPgtPE6odEfofX4RNZezPpgj5,3002.538159,,,
QZyjMnYr9TgLDbvmm8V4o6WZHWukdmki84,3003.007543,,,
QZXuz5yCyJmLkDSGMPCu57LRuDzhRvQw2m,3003.076576,,,
QWQ3jGBPtCmmadyDknkDQDYW8436bQHTHF,3004.002398,,,
QZYTc3uuEzspNizTLkiMQHniJxNpcrwKvw,3004.008162,,,
QX44GvS1QsJoDR7DW9PbjmMipURewqHAzy,3004.008976,,,
QQpikgFQ2EmTmZD8QeyTDH3SPRoP6oewU9,3004.01636,,,
QPJmyM6XAmj4mzUbPdBnzbB7GPaRVNKKc1,3004.024545,,,
QStUtAySJFKHpaWZPGBz8HtuciTEVAze8W,3004.433785,,,
QUnd4vkLoezPAqB49Pu1BwqcCaKmE4fhZ8,3005.524863,,,
QfiNPPLxsbjuBv7pTwc26yJZ9LUeFH799p,3007.613285,,,
QjSbkPZNkAS9Tm1UpWGwfBNjCUX55YAn9w,3007.616767,,,
QgiTo296rau2j9mhd7KzCgaHAT473VzLcF,3007.976647,,,
Qjv3ASTsMSefYTanHivWJbZXLT8YDG1wS7,3008.012144,,,
QM5DwcXs8orfyp4RiyF5x3aY3YehWpqan3,3008.02302,,,
Qjto58KrHFWivJ5CEkFYvDZsaSCia9eDim,3008.028932,,,
Qhw987ZwN4tvZwxosLCgA9FQ4GzgHX26Tt,3008.030998,,,
QbvfB1ADvByHgZ6eATa7A18AzN1DPBoyzW,3008.109575,,,
QSvPD2YsP6LRWDxfmSXpZmyxj43JnuVodb,3008.214022,,,
QUwPDHR6bCFK7tmjracG1g9QHHdxx8RyFy,3008.232241,,,
QNQp7G7a5RxSWK9sFQsVwaAhTsFhM5fdbp,3008.816716,,,
QRiuaWhPkxxMFi8Eh3HfCpU5TM6m8hqbSB,3011.929467,,,
QRxUCQWYHcf1BiEso17Y1jhbByA5FjKquT,3011.963491,,,
Qfmdbm11aCuowdvz2XFMNuGX6XNJWSW41N,3012.024873,,,
QSvMY9u4gu1gsGyTrsAtzudGjSimcvBeuu,3012.03968,,,
QRmobrg3JgwZwWzwo59PJMNajjKfGHwiyZ,3012.082768,,,
QVyG3Yo8m3VRC1vD5bQRDfToxRRcSEbcq8,3012.207788,,,
QhJeHmEF1WuYzHLoAfDXY1nNTPdiLCsyqc,3012.324874,,,
QY9yB2yhYx79q43LT7zTSwzHFJaP1CPHcQ,3013.419066,,,
QjLSnm1Jf5E2oPD58jmj5FW3SgMGt7En6T,3013.605132,,,
QcTNYDRw7N3HaBQRqWR2Vmt9Q81ATJLXhk,3020.028872,,,
Qg7BTjJHo7iJj4nq9YskBNVz2ckorFR1bT,3020.242496,,,
QMTzXCqrVAVFNYTUergPnGQdqCLULmPugY,3020.631848,,,
QdN1UrivjnwEzYnpHkRgLzmNgB4uxgq8qh,3024.040367,,,
Qa8SxpYvXA3iRfcXGyfShi7eU3UFPqC9Gc,3024.078565,,,
QLfF3UUVXxz6u3bdESmZrW6p3nuz45c4xi,3024.088318,,,
QUrGKercRHxczTJ1ACHKfY7THX2cCMUgDN,3026.120205,,,
Qjf3S31YW1qPy3Eki3zu6BjJZpJF4KBHkq,3028.112445,,,
QREBdbu17NJVoFVHLcdnLedBpY6MS4B9o1,3028.116,,,
QcweoGkgdjtP6wqhoS9JanPSvRLbwAQVUr,3035.290854,,,
QNqckCfXUc5EigRnDLarXLNHTQEkQDHuY7,3036.186466,,,
QT8esHZrG3JmS3yxoBRRuMKQtkQzBXrhbL,3038.777358,,,
QSW9fPzMfPTkzsKRmKitLy8xjA1CLK7iMC,3044.971865,,,
QeqsrAqZiX9wtT3L8kGz7ybcPtJZtgsMsb,3057.525345,,,
Qa989yjq9YUz9QdnuLWJmHb2oydwAYNcYk,3075.708387,,,
QSnHfqLDe3hMTU3Ze4NTqv2jdp6D3quSpY,3095.661426,,,
QbNsNqwKybcuwi7Qq7s7W5dC6yZzS1tpx4,3100.018682,,,
QXvJS44ieJwCdMX2fU8EDtT1QJ7Td3znBN,3108.02215,,,
QRMyWkc1DTtvDfomsvc22yKE3WwDEexcY4,3113.226564,,,
QND874s57UPRNrmf6Kj5oUUGRhMyzeciJm,3118.018595,,,
Qaena7RDsNfzguwbXwEVw3i6RLKUWnsYtR,3128.670217,,,
QcPezHRB64biHEfvPqgRqrzHCcyTswC7sZ,3134.455308,,,
QYKiRNj8UgqEENvgtgcjU71E4dRJVsvyVy,3142.798117,,,
QcHhdqLrYY5vRMTFkcUTwrYTCXmUcgXJoX,3154.42033,,,
QPbP8UKkzX7dwqbkF2hFqa8Am3p9CXtS1U,3160.764795,,,
Qd9TQSXBcy5GZcVgpqHtzQXM1Nxr1eU6E4,3188.987843,,,
QNS1XnLNa1sYHAgZF9JDerFWn7miSMEcpj,3215.357798,,,
QgrwY2Xe6dHfMZ5CqsZhYjVjUh8u4DhUNX,3230.084481,,,
Qfdy9L6CPSF4ofYV4r7Ddp8oYjiR5yevz8,3245.254133,,,
QdELAqNYLbWxv4vWeZcFcrSRfiougu2eJW,3267.878757,,,
QNagYQPe4QgXPcRPHyPWrocarcj8hqsydU,3274.877263,,,
Qb7JhEm3do9mAGqdr4xP3BgZ1RFWorRXpA,3286.633131,,,
QZMMmoAaSbvffubUju8pbb9jsemeiCJT6p,3319.972774,,,
QV9CKpvi9qEvFmMwp67fGnnu1S9iHof3FJ,3328.277242,,,
QSqqNR4dA4wXrtN9nbU9tTrrWo5xs8AZq1,3337.790067,,,
Qio8pdSVCrbuZz23avAvxDPhJJ2gBWxwhy,3341.460678,,,
QdwEQgSpPPxdDvmjZdxGkz4bqpjTkjjv4n,3351.371163,,,
QYcRsJsyzutWvwTrFUzMpYTcAChaq9QwN7,3359.486852,,,
QVyDigoSz8bDWhxH5djaCpqGqbzNxCLmBF,3376.11331,,,
QhPeep5bWhGkUfXgXE4F6B59bP1LdbgGLM,3384.087855,,,
QfXEBZva9RHWa9rgj6R36Vgfw8Zyw8AXQZ,3384.951404,,,
Qbv8Q9QYz2bLXWodxfcX6DLvQ4FvAG5kBb,3400.054649,,,
QUppybGMYKLFBzBrZRMqv6hNAXncAip578,3443.946956,,,
QMqCJQvxRrtjionG1S4zjRDmAUYBaakjPe,3453.806939,,,
QUqib3wZxE4FHh7RNKRpVqUig5CNJHmbYe,3475.039431,,,
QeFWVCyFz3gPzAVUHYxfqS9D3cC8bE5fyj,3475.841092,,,
QbKiCtTdhZHiyhbnAS8Yk7Qvq2Bd4TfN9k,3477.354033,,,
QT2QSPGQX7H6NsmvBeisDEDXvUXqGCpBjx,3496.398163,,,
QSe3bwkKAPAazasPqG9kduhRYgyZ6Mgm5a,3496.92596,,,
QcU7nQxCDce6HFVoiDv8DTQtG1StRaVW6d,3504.01133,,,
QTyCXtzmkGoToQQtWWanogbZ8xmfC5iiJH,3504.024377,,,
QTgjSHkL6TKDYRMj2eSd9KxhbUv6V9dHNY,3504.830405,,,
QLxPHQvQ7V18Kep2nRThDA5NMzrYEx1csn,3505.070446,,,
QY6di76YD2qms5egrAnKhfqES1sradMWkr,3505.183868,,,
QbpC3KBQC9XiA4Mm1bYVoPSDtDnbhi8wxC,3506.154677,,,
QNK2oewCmx5WLL4SDwBQCwfBREEpqLSFtq,3508.032896,,,
QTrE5Lnao8mcLLKY6S3JhY3fUzkZ3rA5Fj,3508.94214,,,
QbzEe7Sdqjp6buiEW2E53R7yjMqyCUFrD4,3509.069244,,,
Qcdayc7QgZqVB6JTdDAem7ZGim2vuMDDsB,3509.225845,,,
QR16gJm8GPysA2k5nsXfSE3UiCPKVU6yHR,3512.019966,,,
QXFe1dXUXHHUT9jpSpxDRDnJH6F7Pq4jNt,3512.85434,,,
QM8Z7kMii6Vbx6poU3w9jced7h5qUzLnyy,3520.132044,,,
QTDT3MHLt41yU6HCBMUpk6vjoxXWikToNR,3557.704579,,,
QZFMMcadX2FnZWVh44wR9fNPEUdWDaEGwD,3569.242686,,,
QXz991CARb8vWWs34m9K2Yb8GAHAcfutfz,3579.335532,,,
QXttQDnKd3EXp8h26VpY1X13SopL1xqtL3,3600.845636,,,
QVnxSeSk3xKuPXnyD3oksepTB68avgZc4k,3615.074873,,,
QaempvztUsukUxbVeULtBtA3UNa9DCAVEB,3637.258581,,,
QdxhMqrVyFD8LAU3RLmRfj6JafYQVD8ez1,3660.914746,,,
QYPX7JNtyfoadV4CSLDvxET4kNuvQU1Teg,3663.019183,,,
QXLvjQN7QiNHWQfyf74eXVFHKBiiQ2XDA1,3669.279649,,,
QNVtPuDSYXvV37MV6vVGHhiY7KTPUPZm9t,3685.989643,,,
QjidT5vv6xAgawA7uDFAEDc96r1mDJXUYu,3689.534247,,,
QLsnKjbqR4J8kqcJ6czrs8VzardMJJRNBs,3701.117844,,,
QPisNhy2NamVccHCTz7SqKF7ZCVxsuqQZh,3716.689838,,,
QPpNcSRCjkj9KHBRHNJ3prxQf6hT6CZQ2y,3722.730919,,,
QNump9a1Bb5LcCnCbzaTs7TnSF1DFy6c6D,3723.204673,,,
QiKK2mP4N4PhwZPQB5jLmTzTid3yPop8cJ,3726.01045,,,
QY3MtDrMPsfeqAdTj5v3VaXuMfB154ZpLc,3741.579055,,,
QbdroH3YqfNbbxn3NzSdngiHQY2josQtr1,3750.839034,,,
QeMnwt54dMe4kcprW8qDvzMx53VuZ2pHpk,3750.90284,,,
QUCdCEtipj16vMLPnGWDHUv1LeMzkizzdQ,3751.45169,,,
QbwLqWjrxUnJKGkaqpD1z6oTqwYPxWBoa7,3751.452382,,,
QRSYPCceycSx8qt6S2R2AWyy8N25QA1A28,3751.453361,,,
QY74yXD7MyFbscBCdhiUiodtRiSm5z4Ron,3751.453956,,,
QQdTu6Lwr3vTbjKKTdz4yRFwM8CZs1QJeX,3751.455332,,,
QXuher3nRED6gfrggiqCcSik58wkV9mjZE,3754.671267,,,
QdT3CVnGkhPW7Fq4sCK9J3sCiqdRhunmA6,3754.674647,,,
QRfFPzGZRJZ3o1yjnB2x6D9i5FcbJVbX5T,3754.679697,,,
QS3F7zGq4UKfEJEGR33ZUFfW1eBfcoBt2d,3754.700856,,,
QVtEUj42SU4nw3X28qe9HQedwHrzauLn63,3766.698959,,,
QaZQ5K1Ra8RbYXuWeT7yLYBZxRMDkenWD1,3800.218595,,,
QftqnbqXJqsDMudgG6NrguHBUXPbQDMzNx,3810.152362,,,
Qh2Ngd28gz7JHufcm4ypQUBndzKcdZQ1Ts,3825.322973,,,
QRYnaykPA87dPG7iKEzGQtfpKQ3KTtsDeJ,3825.989751,,,
QiwPmTisLnzDSZV1TT1qYEZhJQPZU8Lx7m,3856.616311,,,
QYLsDijJ38dYFvyLNRpVL4mWsaDngNgbqG,3862.438393,,,
QMUMEtsC2627JhTLhkHtcmB6WPhkF6NiVR,3887.063822,,,
QiJZcFdzE361DmFnmzAb7ijUf49uZNcTHS,3914.176103,,,
QSbrfns2iHNrcJbZ3KNRW7ArUhyHfSgXJ4,3929.31085,,,
QQXQMuwBf2mk8crggaEAY4mvv6ouh6snoj,3970.212713,,,
QNvXofZJEFtmH72RJyttUwbU7BHVaYTbZD,4000.402652,,,
QLc39GZ1WofvoEw386YMrSi9LfxAVuaHPR,4004.003032,,,
QSj1H8zXyqWeykgQcQXfHHqxa4j2MZsKXB,4004.00369,,,
QZ5LYg6aMB4iZ1u7V3gtxuz7W1gGQn9Wr8,4004.00435,,,
QfAxyP1iZefxVQ8FTQxR3WnTjk9w43jH9v,4004.005114,,,
Qj7saeg1vamVKGrC7KMtELx6BeQ4XE4P6g,4004.005294,,,
QeWDtehaGz6rDWLUvCsMyAGYkZYKqyq78D,4004.007796,,,
QhFVoGsrGdEX9mdkhF91CoGiQRcXZ7RtsF,4004.008693,,,
Qfo8T5cfujgZFuWLmfC9bW7v8sSZ3hyQwU,4004.01206,,,
QYpqKSnMaNRx7Y2V8AvDUcnF3QVtfhZp2T,4004.012389,,,
QheVu4M3KuoNL99VMr4VhZmRaCegjFqLrj,4004.029274,,,
QXXJohKLT4WEfzAiW7nyugbEDruZxtgfL4,4004.034883,,,
QUM6T9BUy35D3P7k8KMhRJnz1XHprccnzM,4004.497868,,,
QcQadunDhbe5dZXEeLeZfg1h4z3VnFGEJf,4007.674235,,,
Qcw8VGv9bgWvQfmMySPRvtWkpHHKMR9v8H,4008.00738,,,
QawyKsTdP97X65boEUdvuZnhDEp7TA5Dnu,4008.009932,,,
QXMKcW46zGXanKTGoeXhihYwQBNXgEdRuq,4008.017323,,,
QQ8YCRwPPb96XXvTP4BjZ888EMWCWo1bzP,4008.018627,,,
Qb5SGwKrgQeiX11AC5KHg7qn3tP67tWV9Y,4008.019059,,,
QgdekViBJppd4MyQk3PxmJoA17Uy7CMdYk,4008.143514,,,
QamFqanFtKu3CVP1QKnmuH4UnN9HGddnqk,4008.146213,,,
QeQpfFnKobaRXcq9UHhUzN59X2HA2B2WZ7,4008.755059,,,
QP8RdNFYVmGh6wdSevdftLq2EV66zWbhS6,4012.022681,,,
Qhwb9FpjEHzNpJDdf3ASoSeQaCEvB3h3j7,4012.022924,,,
QX9AAzanMHB4zKFMvrEDFrX7HGqyUaonXs,4012.036369,,,
Qh3pm1sysS9BZxnDX4MpwmvP3vAhDo7kpe,4012.077151,,,
QMbCUQ8Gdd8n2BWDxnYCFsGNbPxZEiKJdg,4012.621318,,,
QdWqmSc5GVpvgEFnmpKNDLJnoicppy3YFw,4013.17652,,,
QT4mL9rhSjbYuBGATpx7RVrbXzjQuJXWPe,4015.44464,,,
QdcsKV5ZaFkgsAZsDx1oDXLU7NdvTxks3D,4016.056426,,,
QVYJiUhXovv9wYksm4eV4Um9XNAQH7LUBL,4016.250773,,,
QTPjLA4cXjKZfyJxyNWYBhiJsGvJLy6yKv,4021.513205,,,
QRifUWWXsDPKp9CYASqxbXnNpJW2zF94h2,4033.229944,,,
QjAhRw7hbhD2h424WJRDnJL199GHKfQMhA,4055.497271,,,
Qf3XTycHxy8kQ6uY7tQb282BbfDe3wx7Bs,4086.369228,,,
QdckFUn99jdhzJFJCexC24MHzMCFA1tA66,4096.988588,,,
QWVtoXocHfyJhyprCvLX5PuDhhjCM91ZsQ,4102.14718,,,
QSeuyVFYtMvcA5ZJTGLgxMMR2c7n1rDi7Z,4136.221244,,,
QPrvc2xVnHMvasTVuhNhScqUQ27CeTqH4n,4148.53019,,,
QjwMekEMnN4ywKNoUPVCrYKqQNtpjySYdh,4202.635485,,,
QQS8JrwcGFYyMBFWaiwuffkshRhsiYyW7E,4212.024397,,,
Qi4sgehXTv8ZRDNd8aZw4u94u1Bx37bgko,4226.010981,,,
QYwXPR8QHKqcZZwYxmUPEEobSkX4tFotCY,4229.170296,,,
QawChwU6DVaedK4xz1wJFWvJvxrztWNzXr,4240.922566,,,
QXEoP8VAXHvfXZhmPMrzskUg5fGz6Jarn9,4241.126825,,,
QdTjcLZafbr6Q1wQSHpGrMkRsqYUWUxUJg,4298.546899,,,
Qc5fcdKA5JoiZfbTzgYpZCUchEvnmUExDF,4327.717351,,,
QSPPZEc1NavkBgv88tzQWUEYHaFHfU5pij,4335.11612,,,
QjQQYzSbrgqfqyLzH13AmFTdQiYn5C4nKi,4350.620037,,,
Qivk6oeN4D3AN9DjcAM4TqjYCdJbycqfYX,4362.820866,,,
QX3W7XLfwTn6sGkFCuorLnR8vfAqh4M9GB,4362.952172,,,
QeJqodXcMqkbi2QpVhiviLS4oaCDhxBmyb,4364.882538,,,
QNAAAZ35XiK5r5GtR4B1Eo51cfSxxXkira,4372.686545,,,
Qa9wv7d1PwwxnPCARvED6R2rGscR8oLogC,4393.058874,,,
QNnpWyyYQEeSsPhVxCToLMhtizT56wt3h8,4403.771983,,,
QNo7H2DcX1spKFzetd8mxqtqRh92rGN9iZ,4498.143195,,,
QRzQVCop2NHyx4ZoFnRnSdooT5t4ST6e9i,4498.303138,,,
QfwpkawvwwDVFwEGv3JFqqRWYEUDoZUJd7,4504.030287,,,
QgqMpq9tKDsB51T12ppep7oNzzzPKmC4Ry,4509.085556,,,
Qc6GheLkvnmrBkrAjyGFiwDY1LaFs4LeEW,4515.417497,,,
QgqQHTFxjifgkh9dvqfk29mJZujEJ18V6k,4519.034505,,,
QXCfcuH4Yo84bkTCU8MswxMsAJyvsovBRf,4519.686368,,,
QWBKwwe41MveW51e5euSjJYr9uVGc6zW3C,4563.062835,,,
QjWSUD6YP32T9oseb3PMmjn5YhrCinvZEy,4573.987118,,,
Qhyz8wjjHE5FNRGJZbU13AsKY4K4kFkhwg,4616.24003,,,
QhicSQkikBbJdr75uc3q2F7EVqXahx6VPj,4660.539351,,,
QaTLqtJCqvQk12Cf7ExfHVVo2F7rqMyLBH,4744.311845,,,
QcELQuhE6Grt3wv4d6YUiQW9rbdGumqBfy,4746.875063,,,
QiEjkApLn4K4ShtXqjYnAZupdtGDM5pMHE,4755.787518,,,
QYepYD95MjMSVyryGEKC39EUekeFYR1y59,4786.421566,,,
QQj5qiMBt44fCiHh8Nx7k6gB7MRAtH64mD,4807.83168,,,
QT8iJJ6dBAcPesxXqvm9t8NV7ciFoAMuJb,4814.587777,,,
QPoMVSkfHM6CgEmyKVXw9UFwm1dmu7DzN3,4880.958621,,,
QVVXEeNWqMvPah3Gfuj63mvU6wcxDVT2CD,4913.876128,,,
Qj9Qx7qxj4vB1QFBb5BLGjQHvcLUzS9aok,4946.54405,,,
QgBy5Qpw1YMaT41i5N9DLZMqvkoAiuGQ5c,4951.133262,,,
Qa8S74ek8DfRcSd8uXPPMbNM3DxAVvCME7,4972.895739,,,
QaxJm8VscB6nBppN4ZbjVtcoAqyVCxANQx,4990.092035,,,
Qf3cZZLjxc412p9k1owpG74ucbQraEYEje,4995.253403,,,
QQq81ak2zT48eDabXADyF6ARW57nLkddns,4996.579093,,,
Qhy8paYX9QUiGzosRUgEojF9QouTqPsF4K,5001.402517,,,
QeGHMfke6yiXSR5qTDngYy3viEi9aYcevY,5001.403421,,,
QbB7oxs3JQ4F1r4yfSNZHyPV5wijRVtn7K,5001.801543,,,
Qcxzeh6THvcqziMg3deqD5znpiEE2hczXp,5001.802719,,,
QVFCyCsEKB9vvJ4sVE1LaXKeGFL7FkjWtY,5002.365278,,,
QWN5Qq6gWsgtF6cFooz1SKAsewhbgk6VUH,5002.620747,,,
QMMzBZdF1Xppf7gDsiUANA7NJuBdWCt86G,5002.675964,,,
QLg9vEdKpzNckaQvAoRfo1Kc1m8qdhNDdU,5003.208149,,,
QULuFPnXUisDJzyWqN4zcywPJc7pDS8Jjf,5003.609077,,,
QS4XhVHs2ukv7rXKxuA7irXhTwrgMPxFDW,5005.398988,,,
QgQG43TayGmdzRLzHCq2i6bM5PMB3ZRvfq,5006.03569,,,
QU7ErMYbescqbGzuvdy9jooKXZTXeKZugy,5008.001146,,,
QYXdWg45LbetGTDNdm2cxGDMRtsBKrZtwK,5008.010479,,,
QS7KPqrqp8TPwq8aavs3oKmooqfu45woa4,5008.033064,,,
QTBrx9aUQZsXVbi8hGLUtYUUMqourf4Fyt,5010.07437,,,
QM9vFB2QC9EmrhGY9FoRsRxj9p4KkJCXDm,5010.437651,,,
QNLZS9sVUTTZZQ6UfaDnAwTQifbKWFZwmP,5012.016842,,,
Qi7nSd6dUd58hQZKJVQb4jebzzAdd6iELA,5021.144362,,,
QUykFqhmqqE2sSdxYB6X4kbyJZyX6yCgqx,5023.12935,,,
QSZhYBRct2kRiKopuQb2ivZKbsoUhtfhH9,5023.301058,,,
QcAxjGLiCFxjkMhHAbg6wakKmMGp9SmsSV,5023.394694,,,
QSNUirpmGQWoWcsNoK9W5FiEeCoK9iFmXk,5023.395779,,,
QicGoMQhMB91cr9raNK2qgrUVPtbo9kpBe,5024.181459,,,
QNdFi8Wy4iFHrKZNr2v6g163ce3Tz1rYN9,5028.12558,,,
QYFA9tPttAd3WR5gcmbUbMA7nJDaG8usuT,5036.280453,,,
QUwiyEZ7NygTd3pht2dMeD5op7e5p5kZ8R,5041.88216,,,
QcZmhhLZnMi5EKjva4arnS3RJR2rubN6nt,5043.672271,,,
QVfstSJwFC5pKQif75JV3wTVeyZngXCzVt,5045.355909,,,
QdqwwKxFqGto3DSU2syQwqF7uQL6Xoa5T7,5050.362031,,,
QWGcCTPDvWTZh915ujoWXHKtgyBBEMqQao,5050.790833,,,
QiyKypgWK4XzehtKvNvqZtLgZXNDLmoVuP,5052.895031,,,
QRPGX1VQFEKDQdhpnmjPFqjHWhePNigd2c,5074.341208,,,
QNJcvFuTRytkck8QqWYZhQbeLT8LVXGJ3B,5083.704927,,,
QS6TAMzsoEzEBaDAuAEWuZKTN9MJ3sEwQ9,5114.001444,,,
QdvN8m7snGTMtvJgE6GEeseL8RRJh2VKv8,5142.144029,,,
QNvaRw3N2JUNuFsQLP9dnXNzRec9rGRah1,5154.593881,,,
QgvrmgibsMtzogqjWR6NppngVdjYD132dG,5189.972447,,,
QeMQqoTgEFYibj2WASXTF67gxdGuT28y59,5198.04262,,,
QRaUxJ1kWwrnkQ9FhsARLMdPE7jLM1kVLg,5245.868107,,,
QhXjaMwhrmNPqEcWAUgXq27XZ8eq7Lo4xp,5255.63274,,,
QVi1apzpmcZYicgzC1ENEdMJvpy6e6NRDr,5333.7338,,,
QcgfrgXCRWA4P3sfcmijPMirYmm5arf4ve,5371.932598,,,
QZcy1hekStkHejs6zz1qePAsRzEhQ1cuR5,5392.057472,,,
Qayp2jnYtXzquAvDyZ6xzEkNxBEUNheUuM,5420.701485,,,
QXDkSQAFEneCaPMC4ML6w8kmcrYxhsz4Qv,5425.048683,,,
QLffBvfuDGEKQ5xSEeRzaTTSXG1E34yhyd,5433.874454,,,
QWsMxbyFeraJgf1tsBnjdipN9vpRQwBcPN,5464.001321,,,
QgixU91CGj31u2Kn7e6P4SxPmycwQAuPoY,5483.673764,,,
Qgu7sPiokGuZcpSa2a6SKruBQvq3yGqbdz,5520.378129,,,
QWNhmveNjSiN4q5AZn59HPUm3t6dVM3LhG,5575.456038,,,
QabQJjhyuoBZRQeRVbsXnGtWAGj6aSSU56,5587.628491,,,
QjUfeFWsuXY2TzYTRG272pwmK4zvbGjjKc,5621.03487,,,
QfUuu76HVNAJwXrS7F29iLHe9PGvjpKdg8,5645.541784,,,
QagfSBghpEyeGvyaNSFviKVGVjG4gujXG1,5683.77242,,,
QX8y2pXkLfjFXSfNTdKYheofU5A4gWwgUW,5694.138329,,,
QVA7thfKskNbQJJc1wURSj7fBNdqwfnD9W,5706.00242,,,
Qd4XntnQ9GS56X5yavejjgKggeBwhmUpmS,5804.005043,,,
QY6TRFQDUgukBExwRYEDEATq3PJot68XkF,5849.539949,,,
QaFSrwohqcj2wK7CcuXhpUW9Kq8KXQq3Hv,5884.236432,,,
QZU5Cj7EkvkWpMZ4w61QnSs7nZCNqcD9MJ,5885.533179,,,
QTUdKcqVct6asgxf6T7ZQ761HGikTd5jZH,6000.400114,,,
QaEhqYkdXDEJiBAzMpE8uGaHDWKEZyZHXo,6012.087287,,,
QhFukbYZJxdz1vaxaLfTrtgbYYPfFkFj2w,6016.556887,,,
QZQV4e5kDmpoeqJAPSFAh3R4Gz3a6hpB72,6032.522768,,,
Qdifmnjq6v6CwZqT1szZchtLLWhNAdP4LA,6047.52918,,,
QSX31iyYWtrB9X3HHUeFoDfyx8oWFRpZgy,6058.378572,,,
QURqU35SmXf3e3xCrNcwwhe1XfTCRbpben,6094.920379,,,
QffVxHiiGe3u4EsbG2b7Y2Ac1iNXbmFPd9,6101.643755,,,
QQdT1e7rpZRR9KrmseczoHUDrP71qfXoFi,6141.699546,,,
QfKnJCwqZk7wjzXH1SbjjFCFxRvkLLwbLK,6178.449034,,,
QbaLWZZGvYLceqN2wNauYRu71CJa8EzeKy,6195.582564,,,
QirkHH9sM7bh3y3wb1zBrkFipEchops6z4,6206.74586,,,
QjXXb7dEBVDEvSfi1BHEB1npZsszAKWPex,6249.396076,,,
QdB3m4VdxNc2R7iLnWMqQ6sTK1qAi7cWFr,6251.752336,,,
QRXC61KJXbT3ExhdPinB8b83gw2UksAcBN,6300.634582,,,
QiwBBckMcTwDbw462K5DDkq7VBwdZmDF32,6323.298275,,,
QeTASMAiZm7v9FuM7nhaW4D9aMSt1sv2B6,6380.590005,,,
QYSfHVrYHJ7xH1ooqdoyLdCsFeNibTXBFj,6411.038891,,,
QXGi3x5FKXLX1TxM3pHSeJqw8HGDVyKsC6,6413.833653,,,
Qe6BDzV7jMFj7VQu1eTfwsXmQbvMmKWiLr,6494.476839,,,
QiN1A3EqrvEzANiCoBrhjEHgfFWZFV91K5,6719.398254,,,
Qd97mqHA5P2Y3xxnEto7xLci6zwa6UTTaF,6785.223381,,,
QbmX6WjhZPt7UG2mqXEws2g1rb9N3eb1p6,6888.518758,,,
QeqKCsRjyQNQg8sTN7MN23y6uZbkWVq7wy,6908.518073,,,
Qj1yQm6gwFpka8DsvAc53uqZD26Moe4Ana,6927.065208,,,
QSAEJi5wPvaLp7N1vssAoptz3bn1yaRPMd,7012.640756,,,
Qg2k5MopncRN4WytA3ScctGiWSPZn9iMfN,7040.098904,,,
QSVdUZ5wGhcAzfJ1n39Wcf6UwNQ8i93Vpz,7061.090389,,,
QNTx31AU5qhchmu5sfTwVLhNAmX5HKxs7a,7130.593151,,,
QRAEid46NeWjE3786ZQHCcY7VuMJKtMPsk,7166.829723,,,
Qgxifpi14X5QGDBpBsZyDdVDvmXZyhySuw,7296.823835,,,
QR8Mgh6JNb61Jtx7NLMrUTyJYoFkqYfiXK,7329.821071,,,
Qasxpk1WsCzfFXmZBsiGjvD6y6ZSWMYfEs,7382.152255,,,
QZ3FpLJDQVTywt9GLJ8Y1kya5EmuavqTbc,7397.982931,,,
QfPCjaBZyQecpCBjfz6Um8miqes275tsno,7501.807868,,,
QTwy9xuDyKqmcRwV4NHHz7mvNJ9Tnj4g2Q,7502.102214,,,
QNWp7kSNkPduaBhn7T5yYWxYeAXNrrX1RF,7508.031357,,,
Qg4Xouu82RLYsYRV2PQcbfh4faYxmguKoj,7510.894806,,,
Qh6mK1QTZmhiDYfJ2s77CdVGmUFsZbD6WK,7519.23322,,,
Qab1HfPKomDBxrYkb7arVBifoNUZPfADFP,7522.356499,,,
QSTMj2g2GX1fQY2V6kTc8LtfH3MM4ok5xD,7523.909131,,,
QNvjxnsNKDpWxaRfLymSMGFrxU4Z6TrjSQ,7528.610658,,,
QX8ayRzg3bvhSz6chwMwuvtk5mhgbFQP8V,7529.748615,,,
QipsMkXm5CR4pPANWa3ncPdpojwmqURDQ4,7552.19477,,,
QVADnziktvU7sPjWwRJqYcEKJAfGtRfhBk,7574.334495,,,
QdUAzSWRaLyDQtyMmCz1t9SsHdAgHUEftS,7575.479971,,,
QMjJP2oujaRUTBwmynr1yCF2aSGXdSD697,7583.031522,,,
QWbmk9nNcPG9DFEjhj1faofYtDv1FFJj2j,7623.926366,,,
QhpHaNBdrJQWvtKL6hAsDhKMYkZzQc1erS,7639.935739,,,
Qf56uoAs4DtHpMkFabBbqXgYmCS9dVYMSf,7640.071691,,,
QR2YZiXytjJH8pW5PoDpvRCmNUR6aWVTQo,7749.526399,,,
QXXCMppVJZ5u1BUv4ZpbFCyNWi3gnGR3ds,7904.278783,,,
Qd5L1JnYagM5RqoXZKrubsMd1GQvt4Cwja,8004.626447,,,
QZWdvPEaDrwSzQB6dzNCdpLxqsYAUqam43,8022.173544,,,
QMbLqjuhajrui2tvkf2Gts1SYmPqriRerv,8055.155901,,,
Qcyjytwh77i13eczrA5ER5zjxS7rSHpGCD,8057.01044,,,
QijaEEFmZBrEAwevQ71k82mCVFheHMKAGZ,8058.110173,,,
QjZa7KweUkHC3oDoQpNCfkfm93B3Jh3CjD,8077.742112,,,
QckXHpCPv2PcJM7ZzuAckjJUJ11odVNdCT,8129.491153,,,
Qbtm8CXfwQKhqGCCZF4yrFWMHYnUYAbk3S,8206.908002,,,
QRyRWq27vRWscgbysaSthZc3qigPKC69HH,8239.782305,,,
QSNWnx3Hsd7YgbPZsHZjqKTgnVDGggEimk,8330.513466,,,
QWpnzMTYvb7gPDSH3frka3U1Nd6N3u133Z,8367.923921,,,
QZZ5DNHpAisvy5vQY38fufeHeNquaRWpxu,8380.257219,,,
Qd5qr9H9nE62G5baMBxaceadxtewg3xkNA,8384.882637,,,
QSMrbvxqGZrWw4XKX7LAgvwoqqXXFRoj77,8451.029277,,,
QLe9cNUriUzP9MBWuzQT33chMfbrjJpvkJ,8457.220403,,,
QcEfbpoLBDR9D5b2ehEBWA314WK9GgQWZQ,8494.946785,,,
QbVUh5yBK538DZBMLCW7DBpRXJCAYMJsfG,8667.473076,,,
QNU61yhXhiqXE7at2itigucoZMRLnnpPhw,8673.935494,,,
QM8LEAVcLzkZzVTHGUjmzU6NapYinAsGFD,8738.455631,,,
QgXQxSBRgJ1LcSrSAJkpv8uvH39Xp1U2wg,8747.248635,,,
QTboBEpxxHx9TayCNuEx49UmGm6BAHFFr1,8918.287337,,,
QiEDmNCTSsUP7W3Nvd7LenaqQzmMqDP4tb,8935.226384,,,
QfNn8SeRmcXCKgxXaemPAM9hndYszkaU3r,8999.156581,,,
QQ8M6TjNz4zt4JnAyequCdtnKdTq3bDzTe,9032.122235,,,
QcE4oveNDLHD8PNUfmpAqLgpHKyniLyiwV,9188.258424,,,
QhUXvXVZTqMPkKJ8DF7BBogKFQjwtwhh32,9235.48446,,,
QjpuLeWJmCxvACWgiKa7tfF9cF3iD2UL5L,9279.554924,,,
QVCoQSVGh4z1Jhij23uXJVa6wSmGUxkTLo,9282.908425,,,
QZgCHtH7fB8r1aEe7KCEFCiapB88ZqArSM,9379.744467,,,
QWHktyivx7FXHREJgsfeH8hFgbGaLDFKe2,9401.202269,,,
Qi83RZ4xkSVYzYE3wWKKWPoHgNVShZYjs6,9432.214808,,,
QZRB9f3t4ge85yhbUHVjFiB1CxPqAV91YC,9448.620559,,,
QVaVkfPZQWW6SYqWUc3VkfJ589beZfSLrh,9533.666696,,,
Qi62bfzJFDN67v5jbSS3CWYsriwhHqo3kD,9552.930738,,,
Qdxh6nfY9hZUYjS4dn13125dUXhk49a4JE,9712.023743,,,
Qcoyn3fpz93WS9w7ivmRNkH4paozd1RBDC,9743.589568,,,
QbFSv63ntvtwKFDZMsLLeygJW8RapqXRTU,9815.35177,,,
QfodVyMeJDUJdg7D13D5A9WCZ9zUNom4YU,9818.657513,,,
QcTs9YgPxniaX7vfP9KQp7rTc2thAqgEGo,10004.33472,,,
QVGDW43PKaXz33wgQv1iKj63C8JvogZNJ9,10008.01368,,,
QLi3BUP7G26aUJ3KUH3Z81TN29wDw8FeMx,10012.0377,,,
Qj9m1ibdpWepmBx13LJ7Zp8q4GAfqAaqcF,10012.4833,,,
QUG8gKtNBPEAofpCB9Sg9RvijSdH8GpnNu,10017.81013,,,
QQ6H2VSgfZHfzdGnu1aX55PZLvepaCuwDV,10020.15924,,,
QLdFUkYuWwd58T2TPaY9RzijyFqPSspXek,10022.06069,,,
QXh9jTX4TZQfWdc3DBpoT2dfC86dnwzPCC,10027.24398,,,
Qb8Wb1FLRxEGmrre77r8CHzeTZP2Ge1xMH,10028.05455,,,
QS3AhMzQfEQJ7G4QjVKDSf1bFrpA94pzah,10032.16148,,,
QX6pknrk4VSKr2WhGJBGZavjWxf7EqWWkk,10032.54939,,,
QZpgjcmkjGJLc7uvLKfCMKohuyqA4QpGyZ,10038.13311,,,
QNwnBSxSYq32nnmtgFNRm8F8CLtyif3dMs,10051.72474,,,
QijUFEBqFeVjwSmz4Ej7nfzcQZTeMqrLD5,10117.47419,,,
QdxKyQ4Znw7Y7xmNsuTECYpToJU4cEjPT6,10117.70696,,,
QgzZJud14f8rtUPQjN336T4aXR7FnkNGuq,10153.00018,,,
QSwF3pdXHsBtijp6TY2WN8RzyVCuD8ufit,10305.24099,,,
QjfzF85tq1QSu23PhjYWf9BBmUF7tDm6dY,10396.87452,,,
QRBH1eKigdCS8JtRan2rzi2bvGz7tXvWEa,10556.42786,,,
QcHZj2Y65wJsara4HF64ubq2aj22BnjJNH,10742.80769,,,
QWzY5y6tMu3RYMXPH9oAur4vgezE4nYMzh,10831.30992,,,
QNqc7ExBPUshBMyqgDrjY3zLWT1ysJjMZD,10937.92813,,,
QMYCPu8QvwdXtXG25Rsvzp8z6KQVTjfGdu,11012.60781,,,
QhySJdw2EJEQHRasfgJzfWWB7RhTCTF2da,11045.48818,,,
QVopDJyJ4KeY3EriDiDBfoUUg1sL4Rz4D3,11152.76415,,,
QZ6UnQvHjSMZhEi4RycmKZ7Ws8w7ddFgQ9,11191.75445,,,
QNZ3csRfHGhAd2C17ro5TAQsHbRPx85c4u,11202.04292,,,
QNRDfiUmTVuw2bWV63Xf1i1WoxVRCBE9SN,11217.43316,,,
QaCjegLXQ8bnbEbvqaH3VkcgZQmUyTiCPp,11259.7988,,,
QfFdoyTy7kD4WzeL9c71LxjcGhtN2DGpi7,11288.21986,,,
QPH1YYmZSeBebM3jrQ5dWkvb9ZjvHTqPq4,11428.04394,,,
QXMJ4pBCBj6BNtPHULzrrK8XVJZMVY75QL,11689.98704,,,
QYYQ9SW1oAAjc3SVNPNXZxiGGweJejsonp,11919.07917,,,
QcexNfCZNUGjVnittbqfuY5eR9Kqop7zXX,12003.16646,,,
QZJDeAXsRsRSvczg1J26pZi8rc2g1ZkHuR,12008.01689,,,
QZRL4om8gofkAg7nhjvGmBktMnos95Xpwf,12015.64444,,,
QVTUARzPshdQNMja3WpC3RFvRKeHvSvCV5,12024.10368,,,
Qi5QsRJMaAnfnanpPVLpUKVBi1ZgZJJvur,12028.02069,,,
QeSej1YHnLQzFMjg1Ea8rQHv1fkHzqVpeo,12052.32887,,,
QMWHNGx4t52aNZrNu51Rp6svqyYKFoUBwf,12544.42594,,,
QRYeAw4XKMwFnkHFNBvpdvRNYRTqGmBXtb,12568.451,,,
QT91R9zxeC3umBpp9co5zBro8qGoSREsXq,12769.48261,,,
QS2u6RiFqynDbimL3staWYuPJhJXLh3YMs,12801.40421,,,
QP16p1W17E3FzhMGnsqDeoKGaM3uwNpsBW,12890.81899,,,
QeaNiMxTr7vTyKbcmfZs7JMbDXzdenduxF,13044.18152,,,
QheQK3CmBLL4gojNP78No63Lbvq63wkBcC,13109.74709,,,
Qb5dxykwy1XQTbHULg6VQM7zKHRuPzW934,13317.26877,,,
QbLihspn2YyaRyjdNVSRFykNN2W3Z6k83w,13468.97174,,,
QSUhKLFXhMbviNhHRV6ieEENj4KoUvCXCe,13518.18119,,,
QXVFsqJDBhDvXyJ2bNCnPCD286DJpuVN1b,13538.77396,,,
QVtfosdVzZuJnS7BiD3YhHKwLHHitCCYai,13553.84789,,,
QYSPXjA9wkegxHbGkL36gbbgYrrg6r4isg,13627.44886,,,
QLvf93b5thXcya7EWokCyo6RuoCWx7jtym,14038.90975,,,
QYvsT2nS9FtzQR4SGiozEpMzniYvyY491x,14505.77783,,,
Qd6ocC4obv5oQtSkw8muHeH8JJckEpg4Y3,14544.59152,,,
QN35GNbDzzMAHLWBvej9vGucFLpZMoVz6N,14578.82642,,,
QQ2SWsidij5w8CvFVPz1MYmTYVf3U2gch5,14876.54047,,,
QSjmtTZvpHjg3C3XfcVbfy7Hue8M588kvc,15004.60649,,,
QQHLGhamshnixRG4fJvKvJrKJdBsH5y7qh,15006.61195,,,
QbiGuN38ncy2FAfiY4iQpGcxUfNnirLeyi,15010.65754,,,
QaeekfNaW2simAFGguRt52bUUwDpPB7NHL,15012.03088,,,
QLr4jL4HExUTRP6iME9y4SEqg3ufJCquB4,15012.22622,,,
QQCJ9AkeUwBhe9axzh1BHZfHs9H7qrmNVv,15014.62678,,,
QbwMqGPKCi4PjPbP6DBiWHG9HNibJnAEbQ,15016.03005,,,
QQecgqQ89Dqb1aLPhWhbFFp8ZCu3qTq2W2,15016.75291,,,
QiVXbF7xsFK9VvF19haSww81DYZoK1vGWV,15018.82503,,,
QUzPVDxp1UigDzYTS8NRyLPa4EfnR5BnuB,15021.07646,,,
QVQwWPb6vpSUZaDatPMjfzMw7GNVdAFhk2,15030.66942,,,
QcuLqK4VxuDcfPqGVAGjCwYGwewLMkwtsx,15060.55512,,,
QZt1BXGkgy6jf4S5mYzcp8VSWJEURAw9Cb,15083.96628,,,
QZhC4rvbD92o3VZX8doKP4AByWVg9k6aPi,15105.69419,,,
QdNAoXMEhGXkdFYp12aCeyW7mR7j34Hq1e,15203.39919,,,
QbWm4eWfGzvmxfajzK22z1BxesnfompEhx,15312.96112,,,
QXvAX2SqZqPZ9yk2RzVioTkQmZUXPu58Hy,15333.53247,,,
QVLUSwnuSGBD6LvZcvKFcXouhNDkHh5T8v,15376.51519,,,
QXbsmku9HF6pmaScEcJYDAPPvnZjzrCzQp,15660.7456,,,
Qjer1p6F1ufvvz1Kt9ZLQjqGZCYM3d3zky,15675.94545,,,
QVxo9fTx3KmV8peakWtXcxkr59aaJvH7b7,16077.09562,,,
QhDYRxcVqAkRJbnqWzLDcHCCMCE8EVYkED,16301.54734,,,
Qh5frG52PEfRvEiUHjPAh347pPrdoDaCeR,16359.49208,,,
QZTMsDZreavcVN5DCHshhp3ecayMmH5X5i,16541.85254,,,
QUTy6bWPZ4GfQAakCeAkzv9zjg48odAxFt,17008.03083,,,
QaKDztdoGv7AeJqagcPZ5Srsdupb315rkT,17044.95332,,,
QZfkWpF3X6bAqTSA7YpU3BTdhtNaLwRfTr,17252.368,,,
QM2oKLiNVUGWjA6RVQoskAUEKJR4YcxxxW,17603.22629,,,
QbBBjBByMbdbqSGC6dQZ1xrf5armh8gH71,17764.92876,,,
QVpYKGctSbvwjqGSh9TsaDN1fdqvgrztus,17928.28421,,,
QbjBDULTaLxTkVuVTcPLyayCrkvwuCYC6f,17993.48438,,,
QSrSrL47JFKqPyfkfxT3TsuoK3JUTdRhpP,18162.36639,,,
QeLxrjukGaX278vgU1PQXMDeUJCfFnUKDn,18200.24326,,,
Qesmy6UgJKL64mJjjAjVKHaKA9BQeG9fA5,18248.18844,,,
QLsS5GPtURWJkjwEbJoZ3xQFT7xbo6h1jz,18502.56568,,,
QVnB1MrytkTYffAMayAnxvWGXaMnKpr4ge,18560.74321,,,
QUEFthXXKS28FkiLwgKAYrsALFjGiSy7Mk,18654.06358,,,
QZc6yF48opv6X1FGQnoz6DBjKRMoGnL6UK,19027.55087,,,
QfAQHfHwxkGYfe5d9ro9DPaxcCujsPuJwc,19101.29195,,,
QjZwEK2acwDs7A5R6oUU1zf9KnjNV67X7F,19269.9605,,,
QNZhjnTBo89bdAuBFMGhKrgAQzayoAw4Po,19352.75671,,,
QUz69qPXrxp96C7rnARjatvvRA1nSgR4qe,19787.23078,,,
QVgyu3LLGj35gAJ2i8wvaYqeFihShtXoCW,19933.58613,,,
QW2Vvh13D8M6z9ip7R4PSfib3LqDkF1yfT,20008.74918,,,
Qjgv6ZEfoU7AodDEWTuKoqiqCPxvgCmoez,20011.73235,,,
Qhyek8Kn36vCKSdkcmbSFdR1XfKRKGX6hP,20020.57943,,,
QTZcodVuAVeQjopEGzm3PsXSoZbGd1Dqh8,20036.04799,,,
QWMqp6pGVeMt5nV2UXqe4EbjfRm2rhBN1L,20053.65772,,,
QUZMTeBQaChsqPbNsTH5ZxsqF3B4Hi3NCe,20078.61858,,,
QVQMpSSdaBCxGcJpf4fjbqA7jqfXcKfjSQ,20112.77297,,,
QXSgUjURhtnseEcUE2jSXgWkmLcuyFXLX9,20172.03673,,,
QRZTc9xbBEv9dDqGuVgGpyidk146aRzNHr,20574.65257,,,
QSECraNvNqA3DoZH1pHNZNf7xzTYLP3yjU,20794.19272,,,
QgVZbsbrTVauN7CLtnxeB9aV11W6yacsuw,20915.48074,,,
QMoK7pSidukiA2F2LtQsXRZUzKsibrNqRm,20965.69718,,,
QVz8z9yvqpxcrCVQQ5wKWdi2By9ayrpeBY,20998.06101,,,
QYYNQtnJiDcbT8XvxtozRwTXACVovojgzc,21089.87066,,,
QdF1JDTkrBQPEL92gqpARcjoeTiWK9YA5W,21114.22583,,,
QRYnjEpjLZ3RuiDLkhNwd3GkCmcYZ5jUpJ,21284.69697,,,
Qa5G6Mi7KhAy2z8by27joV4WnyscExvSQM,21511.92291,,,
QeHrAGKRym7YxjMh3gA9hmrXmAPhuXFMh6,21676.03418,,,
QWoS5UstdrskMyfmWqfq6eFP73rdV2GFzM,21873.82293,,,
QRjrfZRsfQnoYVrWEy7mJnEz6zUon2MnAj,22048.64821,,,
QTdrNL37n2oAyeM41e6qhMWR5UhKZDnZf5,22409.33035,,,
QaVErr28L7BxGh21J39EeLYqLaYuV1RQzh,22528.76381,,,
QYWiKdrGH24tsum2LvdhhCqZRZD7jeHMPT,22587.83209,,,
QSeDThKYeSrMNwMTU3M1R9L3pmWZbdSmc8,24046.90748,,,
QfvTQdwxHUn7cAA4B9zEz5QNRg3n4q1mBk,24253.72459,,,
QWJvwWENki3PUB6yifwd51UtpDsHhqtR2T,25100.45697,,,
QWXrw3J8KnHu16EXEHXf8w24Q2kTagHAH4,25353.01462,,,
QSDrWJ6TVuXDxgXtHdVtDuE9sHbTYKVA3N,25461.08625,,,
QhzgLgC9DYxn9sTXWfcsFdKbFbbx2DKDL4,27152.45695,,,
QYBnZx9hbGtYdxWnHaLpivUpHTXThjfjQD,27542.86219,,,
QbxiVdVSG9FGPpnwNMdrNM6AHqG4jnL3Y5,27641.34183,,,
QWByoEYsXarqHnbEBo3b3sD3JuXt7AgL6n,27999.19479,,,
Qbd9fYxqxsxwXqNea4ZjWHADJhNzoVYYvN,28085.56367,,,
QjnjNxV6rHpbCZ1ea82c7EALUvZaXDwLu9,29508.26075,,,
QSAjSdRgy3nh6z9oir7xdnYJJRCee3RKEw,29667.26933,,,
QLi7AC8E8UnHVsie83F1nJxgcbW6oqVgHP,30004.00673,,,
QezqbAorYb69Q4z2JJxJjxbJHFuBS4krQm,30084.11688,,,
QSeF21F5TDBnugQrt6bUDrZo3kSw7uz33X,30101.74042,,,
QWccvNQNRpGGACfJF6KuQs7kAd9cXmyH73,30363.02814,,,
QUko2kZQpvm1b6noLo5GV5NHPupVpp7Zgz,30683.21899,,,
QRGeSKQcXkDr2wUc6UJvaZ2pu2pY9CQvSZ,30691.81357,,,
QbvUb8K7dS7gqt5GV3pUqxKWD5VfXqMEiH,31076.38401,,,
QaxXkCEofxg3ZzbQcYvrzZ3T7nPFi47yUZ,31079.54065,,,
QUnDWUwzvq4ux8wjWSozX6hvpa5SfffQ78,31341.10575,,,
QbQJ4QyG3Nm8oRzvXk6FUn1p28ePFDnU5D,31381.37354,,,
QXbJJKgs8MDBdrDfgNU8g3dzAByUBAe8LE,32178.99456,,,
QNJRDF8FdKSJor8QXBR15V6EMgAKxxCYDT,32190.3519,,,
QLdtjWwgsMZQjWddvnwzKKGvaMXzDcEhXm,32710.21098,,,
QgVZJUDYASaaKqEmz2sy2pyaq3nrDiH3pu,33630.98188,,,
QUW9nbR3bMHsgJC7UbADH66KLUAKxUn7TT,33921.33209,,,
QgJrBsTJeUusCbtB1eY8uxj2sWAcfXqb2n,35105.96586,,,
QV4VxKADhDDArKgcMx1EAVoo1Q4hJdAumw,35148.86568,,,
QZD2WLqs2wc5Gr4r8T5s8pWFmd7ZAiJrdX,35477.6401,,,
QS9smA5u4hcEir9dUqbfhkELMbnPYpQWia,37075.3645,,,
QMh7Yd51BFnYPSaWQKaHaDUuQs7giQfsqu,38139.36695,,,
Qc5yXo1Hv4kEMbG1ifph7cBM9k7EPbtNBi,40004.42579,,,
QgXDTJ1jmeyBn3XvnCghD9TxTKXZyh1oX3,40004.81188,,,
Qie9aPzBrxhETd7ZG3AgSdzhq6ct4kpV6M,40008.05906,,,
QQraNYV9Ktu89vTqAD6i6rG7LFHnpCccgu,40008.44547,,,
QN3TweAdxuWMBTStbu7Q7jPC6Jcd1Uq4jS,40012.04987,,,
QToDpshFjvTPCwDfrmjo7NJUQr1TuTPmLD,40056.28766,,,
QfkMZsTupRALvDZUayFFKexeyeXzVRsfvG,42076.82079,,,
QYzqhsP1rYwLD2pKyK1yF4tcMiV1MKjDKp,43579.641,,,
QbWuuPHV1dvuSCay8Kwu4FLsXR2BeKiTHt,44622.77819,,,
QdCUfeVhRetRZXMoDYFCx1PMobTPTfsvqs,46433.69605,,,
QMJKnsYqQtYq3diMPBQM7tFLmmNwJVZrC7,48818.68724,,,
QWcRSaFeJjf6q4cnVPi2pYP3rNvwTVbvWz,48872.34552,,,
QZxR9hPmr85R8A6sPhVuvJf7dCxbp6bftk,50004.40518,,,
QRh5HUZFz3TeHqyZiuz8Vxb7qd6DDe35DF,50008.05446,,,
QiTSNPeirvo4WqzW2rmCtUz7oevppMfAxV,50008.44624,,,
QVy2VEbMrvqydhgmRNEYAstkiRavGZSm8r,50008.85238,,,
QgMp4P4UTcae5ynbovFoP3LKZbqziksPVC,50012.01803,,,
QdkFHZ3kNLMWCnop2dGiVWCfqcsX2VvW74,50012.08402,,,
Qdxye5vqkjzRJCBpf62uYgzyiPtrxz2nT1,50016.58509,,,
QYoAqgxcEgKDRYfgApJfJfPASpHQPY6bgq,50839.65359,,,
QWV96Zkjab6deW6pmv94G12K2UVLN88xBz,51079.22859,,,
QVi4s51xtYHtFJ9irhaoxWRuwjpeDtLotW,51449.37026,,,
QZLUHhHhUQFZGgfZBTEyPdc1bnmCeHtwqK,51861.99842,,,
QS9AEKxe1uEJgsf9gHWU7WynLCWKZNmUKc,52890.77221,,,
Qgvam1oSdqfTe1raA4jagBTUGLR9FiVYMs,53010.50533,,,
QdB6krR2kgssX7xnx8E9JPrRktfSBRBrEa,53313.32747,,,
QddwEnjCeG1sJcSDxBM3GNMst6MhLRdEbM,53561.84979,,,
QW74sidkkF52yiBWptyFxcZq7vuU5yhdGu,53882.97709,,,
QavbRveQ7eDxCjpdk5VFd32GKyDYXA9rfB,55161.34416,,,
QZ8cV8K5Yxs9sgUvM4XxzY7vxjwoDD9z1n,56373.15305,,,
QR8AiNKvMuXRmYcekVLXHPnfpKwh787y9b,56392.18419,,,
QSMGv9YtMm2CUERWDvc9tEnRtrADPNJyb7,57703.24846,,,
QhTNTQpuwEuCRxMT7bPzZzgTPDbUyC5QUR,57804.1,,,
QegL1wxBwVQHDJK2EQr4iasLHwHmtiL4Tc,57822.88703,,,
QguoEwrNZQMHFjKrbdA1XYLAzP7ShauE4P,60070.90834,,,
Qcx72g4CpTPe9Mb2DDAsAH6Xpj7Gk5EFXv,62062.43664,,,
QLyBPHEFP1cubS4WhZLkq5e1s6AC4HEmVN,62655.36742,,,
QS2LXLscB9aN1SRAiDQf19o2Jso6AUBeut,70177.85812,,,
Qjui5EuxpkS68ppUbgJAYKs5KdawTMkpbx,75136.8323,,,
QNca2Hn5r7eSzWJPPh6bHwNy88fxXG4npY,75172.40078,,,
QPoYArMFTT35Nyo5z5K68tfjZLjqcbDxhF,79532.84675,,,
QSYiNDZJ5ZjhvqySmKVM4MgzDeoT8nkzCf,81536.46634,,,
QeqqrLJqi96gTgu7sdDExgVhKjrvAzBCZ5,83733.71386,,,
QZmTNqMcxLgpvYGpHJAdPo7xiiBHcQybuZ,85195.02769,,,
QNbKAqD7RCjqdR3wq77XvhVYovn8L3beA7,92584.55702,,,
QdRV4mpncsBqhiJjNokjthMpZMUYMxWQdS,97421.29698,,,
QfFE2wjWdqPDX4TQESSdEyb5y9DqL5wYHA,97656.19331,,,
Qc25W3RpW6CCf9j5gkD1aA5fg2bAZtwApc,100005.0324,,,
QjHVMg32PtgkGTVQAb1EgnothX13SFugRF,100090.2929,,,
QjdBfN3FRAQP6hVxhH7pXm9sJwj73FxerU,100194.2359,,,
QXMhVY4SykaEQc9sJC7WZrrMrDepnNGsMX,105333.5911,,,
QRCRpr3KieQT7BxgMY3JiaSdsW9zMbLJuw,118849.4508,,,
Qfd3NSSSJUAQavLVmuBvtrxmQjwRPfDxfB,131345.8368,,,
QgSBDuvX7E6kv2aXp5BBC2B7kAHHQRwL2f,133243.7307,,,
QQr3S2Q8gLoatsmN3hQ1a2v2uM9YpU9Myk,138516.1333,,,
QMZMzPWBS2GpQw2XbkWNbkEqXzWnSZFssx,152682.0718,,,
QZbR1Twfbv1MTkKnLTTNpYpVdgC47d7iLg,154098.3778,,,
QX3S7HaYCKZ2sGZMkfjziWeQtWPQdnpijN,157838.2485,,,
QPYzDSwQ7VLZQUoADYL641vZ9E6DV9GxzX,161298.5765,,,
QSkeazNgCxLtYz9cPNyDbvNMWwMAfgY6XL,177643.6425,,,
Qgv7onvuujSjd12186oxfkSx6LByYu5ZGc,184800.0248,,,
QNqKeSsHjZfbVxB2jkpDUgGcZvSheWKhCw,190077.4566,,,
QSPQhhRYvnSikeRMsUiG8BwRNxPWrTw36Q,232679.1253,,,
QXDHGrLtRttar1kuBX6Y7LGzXvRcpcjqYy,259023.004,,,
QikFYmTxm6kXz6mhmJ6SpRcnRobyLwQaJ1,339741.8876,,,
QVZnSrMwKp6AL4FjUPPnfFgsma6j1DXQXu,432333.5141,,,
QaReVmna4p3gR2F1kGoaMi9EcMgzeDxLJB,519434.4698,,,
QPoVZqSCxtWkHgNt8jkipv6KNJUMmE7gRT,690104.5302,,,
QX9gho1UcSbPMADUBSa2mJKQCQDbE2QrCR,720118.4107,,,
QTAnGnNKj3jdTUbjJmL3g8nFkxkZtzxUxY,800979.2776,,,
QRFhh8Wuwtgk2pA33xhpLrQmw73ex4Vtvp,892849.9786,,,
QcTBUCAbHPqVL7M72QqDQV6Vb6pe64S9cx,1026587.006,,,
QQujfYYrEd3G3bwjZWiBRzyxYwmvK3fyRy,1913101.808,,,
